community,month,monthlyav,year,Sani_Q,II_Q,FY,CY20_meth,actual
Arlington,Apr,7.065555555555555,18-20,2.5,4.565555555555555,FY22,3yr ave (2019x2),FALSE
Arlington,Aug,3.258888888888889,18-20,2.5,0.758888888888889,FY22,3yr ave (2019x2),FALSE
Arlington,Dec,6.46,18-20,2.5,3.96,FY22,3yr ave (2019x2),FALSE
Arlington,Feb,5.878888888888889,18-20,2.5,3.3788888888888886,FY22,3yr ave (2019x2),FALSE
Arlington,Jan,5.356666666666667,18-20,2.5,2.8566666666666674,FY22,3yr ave (2019x2),FALSE
Arlington,Jul,3.5444444444444443,18-20,2.5,1.0444444444444443,FY22,3yr ave (2019x2),FALSE
Arlington,Jun,3.98,18-20,2.5,1.48,FY22,3yr ave (2019x2),FALSE
Arlington,Mar,6.817777777777778,18-20,2.5,4.317777777777778,FY22,3yr ave (2019x2),FALSE
Arlington,May,5.432222222222222,18-20,2.5,2.9322222222222223,FY22,3yr ave (2019x2),FALSE
Arlington,Nov,6.594444444444444,18-20,2.5,4.094444444444444,FY22,3yr ave (2019x2),FALSE
Arlington,Oct,3.9200000000000004,18-20,2.5,1.4200000000000004,FY22,3yr ave (2019x2),FALSE
Arlington,Sep,3.3511111111111114,18-20,2.5,0.8511111111111114,FY22,3yr ave (2019x2),FALSE
Ashland,Apr,1.6188888888888888,18-20,0.8,0.8188888888888888,FY22,3yr ave (2019x2),FALSE
Ashland,Aug,1.0566666666666666,18-20,0.8,0.2566666666666666,FY22,3yr ave (2019x2),FALSE
Ashland,Dec,1.43,18-20,0.8,0.6299999999999999,FY22,3yr ave (2019x2),FALSE
Ashland,Feb,1.4977777777777779,18-20,0.8,0.6977777777777778,FY22,3yr ave (2019x2),FALSE
Ashland,Jan,1.4644444444444444,18-20,0.8,0.6644444444444444,FY22,3yr ave (2019x2),FALSE
Ashland,Jul,1.0544444444444445,18-20,0.8,0.2544444444444445,FY22,3yr ave (2019x2),FALSE
Ashland,Jun,1.1333333333333333,18-20,0.8,0.33333333333333326,FY22,3yr ave (2019x2),FALSE
Ashland,Mar,1.5855555555555556,18-20,0.8,0.7855555555555556,FY22,3yr ave (2019x2),FALSE
Ashland,May,1.3666666666666667,18-20,0.8,0.5666666666666667,FY22,3yr ave (2019x2),FALSE
Ashland,Nov,1.4733333333333334,18-20,0.8,0.6733333333333333,FY22,3yr ave (2019x2),FALSE
Ashland,Oct,1.1211111111111112,18-20,0.8,0.3211111111111111,FY22,3yr ave (2019x2),FALSE
Ashland,Sep,1.0611111111111111,18-20,0.8,0.26111111111111107,FY22,3yr ave (2019x2),FALSE
Bedford,Apr,3.5577777777777775,18-20,1.3,2.257777777777777,FY22,3yr ave (2019x2),FALSE
Bedford,Aug,1.932222222222222,18-20,1.3,0.632222222222222,FY22,3yr ave (2019x2),FALSE
Bedford,Dec,2.9477777777777776,18-20,1.3,1.6477777777777776,FY22,3yr ave (2019x2),FALSE
Bedford,Feb,2.9555555555555557,18-20,1.3,1.6555555555555557,FY22,3yr ave (2019x2),FALSE
Bedford,Jan,2.758888888888889,18-20,1.3,1.458888888888889,FY22,3yr ave (2019x2),FALSE
Bedford,Jul,2.1211111111111114,18-20,1.3,0.8211111111111113,FY22,3yr ave (2019x2),FALSE
Bedford,Jun,2.3355555555555556,18-20,1.3,1.0355555555555556,FY22,3yr ave (2019x2),FALSE
Bedford,Mar,3.3244444444444445,18-20,1.3,2.0244444444444447,FY22,3yr ave (2019x2),FALSE
Bedford,May,2.92,18-20,1.3,1.6199999999999999,FY22,3yr ave (2019x2),FALSE
Bedford,Nov,2.87,18-20,1.3,1.57,FY22,3yr ave (2019x2),FALSE
Bedford,Oct,1.9188888888888889,18-20,1.3,0.6188888888888888,FY22,3yr ave (2019x2),FALSE
Bedford,Sep,1.8666666666666667,18-20,1.3,0.5666666666666667,FY22,3yr ave (2019x2),FALSE
Belmont,Apr,4.645555555555556,18-20,1.4,3.245555555555556,FY22,3yr ave (2019x2),FALSE
Belmont,Aug,2.1266666666666665,18-20,1.4,0.7266666666666666,FY22,3yr ave (2019x2),FALSE
Belmont,Dec,3.94,18-20,1.4,2.54,FY22,3yr ave (2019x2),FALSE
Belmont,Feb,3.7333333333333334,18-20,1.4,2.3333333333333335,FY22,3yr ave (2019x2),FALSE
Belmont,Jan,3.3755555555555556,18-20,1.4,1.9755555555555557,FY22,3yr ave (2019x2),FALSE
Belmont,Jul,2.2688888888888887,18-20,1.4,0.8688888888888888,FY22,3yr ave (2019x2),FALSE
Belmont,Jun,2.4077777777777776,18-20,1.4,1.0077777777777777,FY22,3yr ave (2019x2),FALSE
Belmont,Mar,4.506666666666667,18-20,1.4,3.106666666666667,FY22,3yr ave (2019x2),FALSE
Belmont,May,3.2777777777777777,18-20,1.4,1.8777777777777778,FY22,3yr ave (2019x2),FALSE
Belmont,Nov,4.276666666666666,18-20,1.4,2.8766666666666665,FY22,3yr ave (2019x2),FALSE
Belmont,Oct,2.4922222222222223,18-20,1.4,1.0922222222222224,FY22,3yr ave (2019x2),FALSE
Belmont,Sep,2.028888888888889,18-20,1.4,0.628888888888889,FY22,3yr ave (2019x2),FALSE
Boston,Apr,115.15666666666667,18-20,58.5,56.656666666666666,FY22,3yr ave (2019x2),FALSE
Boston,Aug,83.80222222222223,18-20,58.5,25.302222222222227,FY22,3yr ave (2019x2),FALSE
Boston,Dec,101.08444444444444,18-20,58.5,42.58444444444444,FY22,3yr ave (2019x2),FALSE
Boston,Feb,94.9211111111111,18-20,58.5,36.4211111111111,FY22,3yr ave (2019x2),FALSE
Boston,Jan,101.85111111111111,18-20,58.5,43.35111111111111,FY22,3yr ave (2019x2),FALSE
Boston,Jul,90.43444444444445,18-20,58.5,31.934444444444452,FY22,3yr ave (2019x2),FALSE
Boston,Jun,86.64333333333333,18-20,58.5,28.14333333333333,FY22,3yr ave (2019x2),FALSE
Boston,Mar,106.67555555555556,18-20,58.5,48.17555555555556,FY22,3yr ave (2019x2),FALSE
Boston,May,93.68111111111111,18-20,58.5,35.18111111111111,FY22,3yr ave (2019x2),FALSE
Boston,Nov,112.28222222222222,18-20,58.5,53.78222222222222,FY22,3yr ave (2019x2),FALSE
Boston,Oct,88.25111111111111,18-20,58.5,29.751111111111115,FY22,3yr ave (2019x2),FALSE
Boston,Sep,83.52111111111111,18-20,58.5,25.02111111111111,FY22,3yr ave (2019x2),FALSE
Braintree,Apr,10.432222222222222,18-20,3.2,7.232222222222222,FY22,3yr ave (2019x2),FALSE
Braintree,Aug,4.594444444444445,18-20,3.2,1.3944444444444448,FY22,3yr ave (2019x2),FALSE
Braintree,Dec,9.99,18-20,3.2,6.79,FY22,3yr ave (2019x2),FALSE
Braintree,Feb,9.473333333333333,18-20,3.2,6.2733333333333325,FY22,3yr ave (2019x2),FALSE
Braintree,Jan,9.54888888888889,18-20,3.2,6.348888888888889,FY22,3yr ave (2019x2),FALSE
Braintree,Jul,5.406666666666667,18-20,3.2,2.206666666666667,FY22,3yr ave (2019x2),FALSE
Braintree,Jun,6.195555555555555,18-20,3.2,2.995555555555555,FY22,3yr ave (2019x2),FALSE
Braintree,Mar,11.125555555555556,18-20,3.2,7.9255555555555555,FY22,3yr ave (2019x2),FALSE
Braintree,May,8.178888888888888,18-20,3.2,4.978888888888888,FY22,3yr ave (2019x2),FALSE
Braintree,Nov,10.287777777777778,18-20,3.2,7.087777777777778,FY22,3yr ave (2019x2),FALSE
Braintree,Oct,6.097777777777777,18-20,3.2,2.897777777777777,FY22,3yr ave (2019x2),FALSE
Braintree,Sep,5.053333333333333,18-20,3.2,1.8533333333333326,FY22,3yr ave (2019x2),FALSE
Brookline,Apr,12.608888888888888,18-20,4.2,8.408888888888889,FY22,3yr ave (2019x2),FALSE
Brookline,Aug,6.311111111111111,18-20,4.2,2.1111111111111107,FY22,3yr ave (2019x2),FALSE
Brookline,Dec,10.178888888888888,18-20,4.2,5.978888888888888,FY22,3yr ave (2019x2),FALSE
Brookline,Feb,10.02,18-20,4.2,5.819999999999999,FY22,3yr ave (2019x2),FALSE
Brookline,Jan,9.973333333333334,18-20,4.2,5.773333333333334,FY22,3yr ave (2019x2),FALSE
Brookline,Jul,6.756666666666667,18-20,4.2,2.5566666666666666,FY22,3yr ave (2019x2),FALSE
Brookline,Jun,6.944444444444445,18-20,4.2,2.7444444444444445,FY22,3yr ave (2019x2),FALSE
Brookline,Mar,11.672222222222222,18-20,4.2,7.472222222222222,FY22,3yr ave (2019x2),FALSE
Brookline,May,9.036666666666667,18-20,4.2,4.836666666666667,FY22,3yr ave (2019x2),FALSE
Brookline,Nov,10.982222222222223,18-20,4.2,6.782222222222223,FY22,3yr ave (2019x2),FALSE
Brookline,Oct,6.821111111111112,18-20,4.2,2.6211111111111114,FY22,3yr ave (2019x2),FALSE
Brookline,Sep,6.184444444444445,18-20,4.2,1.9844444444444447,FY22,3yr ave (2019x2),FALSE
Burlington,Apr,5.1066666666666665,18-20,2,3.1066666666666665,FY22,3yr ave (2019x2),FALSE
Burlington,Aug,2.7933333333333334,18-20,2,0.7933333333333334,FY22,3yr ave (2019x2),FALSE
Burlington,Dec,4.357777777777778,18-20,2,2.3577777777777778,FY22,3yr ave (2019x2),FALSE
Burlington,Feb,4.374444444444444,18-20,2,2.3744444444444444,FY22,3yr ave (2019x2),FALSE
Burlington,Jan,3.982222222222222,18-20,2,1.982222222222222,FY22,3yr ave (2019x2),FALSE
Burlington,Jul,3.118888888888889,18-20,2,1.1188888888888888,FY22,3yr ave (2019x2),FALSE
Burlington,Jun,3.411111111111111,18-20,2,1.411111111111111,FY22,3yr ave (2019x2),FALSE
Burlington,Mar,4.858888888888889,18-20,2,2.858888888888889,FY22,3yr ave (2019x2),FALSE
Burlington,May,4.237777777777778,18-20,2,2.2377777777777776,FY22,3yr ave (2019x2),FALSE
Burlington,Nov,4.2444444444444445,18-20,2,2.2444444444444445,FY22,3yr ave (2019x2),FALSE
Burlington,Oct,2.937777777777778,18-20,2,0.9377777777777778,FY22,3yr ave (2019x2),FALSE
Burlington,Sep,2.7533333333333334,18-20,2,0.7533333333333334,FY22,3yr ave (2019x2),FALSE
Cambridge,Apr,20.805555555555554,18-20,11.5,9.305555555555554,FY22,3yr ave (2019x2),FALSE
Cambridge,Aug,19.046666666666667,18-20,11.5,7.546666666666667,FY22,3yr ave (2019x2),FALSE
Cambridge,Dec,19.822222222222223,18-20,11.5,8.322222222222223,FY22,3yr ave (2019x2),FALSE
Cambridge,Feb,17.797777777777778,18-20,11.5,6.297777777777778,FY22,3yr ave (2019x2),FALSE
Cambridge,Jan,17.697777777777777,18-20,11.5,6.197777777777777,FY22,3yr ave (2019x2),FALSE
Cambridge,Jul,19.563333333333333,18-20,11.5,8.063333333333333,FY22,3yr ave (2019x2),FALSE
Cambridge,Jun,18.32111111111111,18-20,11.5,6.821111111111112,FY22,3yr ave (2019x2),FALSE
Cambridge,Mar,19.07,18-20,11.5,7.57,FY22,3yr ave (2019x2),FALSE
Cambridge,May,17.94777777777778,18-20,11.5,6.44777777777778,FY22,3yr ave (2019x2),FALSE
Cambridge,Nov,21.261111111111113,18-20,11.5,9.761111111111113,FY22,3yr ave (2019x2),FALSE
Cambridge,Oct,18.055555555555554,18-20,11.5,6.555555555555554,FY22,3yr ave (2019x2),FALSE
Cambridge,Sep,17.698888888888888,18-20,11.5,6.198888888888888,FY22,3yr ave (2019x2),FALSE
Canton,Apr,4.024444444444445,18-20,1.4,2.624444444444445,FY22,3yr ave (2019x2),FALSE
Canton,Aug,2.2888888888888888,18-20,1.4,0.8888888888888888,FY22,3yr ave (2019x2),FALSE
Canton,Dec,3.5966666666666667,18-20,1.4,2.1966666666666668,FY22,3yr ave (2019x2),FALSE
Canton,Feb,3.5844444444444443,18-20,1.4,2.1844444444444444,FY22,3yr ave (2019x2),FALSE
Canton,Jan,3.732222222222222,18-20,1.4,2.332222222222222,FY22,3yr ave (2019x2),FALSE
Canton,Jul,2.391111111111111,18-20,1.4,0.991111111111111,FY22,3yr ave (2019x2),FALSE
Canton,Jun,2.691111111111111,18-20,1.4,1.2911111111111109,FY22,3yr ave (2019x2),FALSE
Canton,Mar,4.27,18-20,1.4,2.8699999999999997,FY22,3yr ave (2019x2),FALSE
Canton,May,3.3088888888888888,18-20,1.4,1.9088888888888889,FY22,3yr ave (2019x2),FALSE
Canton,Nov,3.772222222222222,18-20,1.4,2.3722222222222222,FY22,3yr ave (2019x2),FALSE
Canton,Oct,2.7233333333333336,18-20,1.4,1.3233333333333337,FY22,3yr ave (2019x2),FALSE
Canton,Sep,2.4844444444444447,18-20,1.4,1.0844444444444448,FY22,3yr ave (2019x2),FALSE
Chelsea,Apr,6.757777777777778,18-20,3,3.757777777777778,FY22,3yr ave (2019x2),FALSE
Chelsea,Aug,4.976666666666667,18-20,3,1.9766666666666666,FY22,3yr ave (2019x2),FALSE
Chelsea,Dec,6.544444444444445,18-20,3,3.544444444444445,FY22,3yr ave (2019x2),FALSE
Chelsea,Feb,5.928888888888889,18-20,3,2.9288888888888893,FY22,3yr ave (2019x2),FALSE
Chelsea,Jan,5.914444444444444,18-20,3,2.9144444444444444,FY22,3yr ave (2019x2),FALSE
Chelsea,Jul,5.233333333333333,18-20,3,2.2333333333333334,FY22,3yr ave (2019x2),FALSE
Chelsea,Jun,5.222222222222222,18-20,3,2.2222222222222223,FY22,3yr ave (2019x2),FALSE
Chelsea,Mar,6.935555555555555,18-20,3,3.9355555555555553,FY22,3yr ave (2019x2),FALSE
Chelsea,May,5.233333333333333,18-20,3,2.2333333333333334,FY22,3yr ave (2019x2),FALSE
Chelsea,Nov,6.982222222222223,18-20,3,3.982222222222223,FY22,3yr ave (2019x2),FALSE
Chelsea,Oct,5.484444444444444,18-20,3,2.484444444444444,FY22,3yr ave (2019x2),FALSE
Chelsea,Sep,4.87,18-20,3,1.87,FY22,3yr ave (2019x2),FALSE
Dedham,Apr,5.716666666666667,18-20,1.8,3.916666666666667,FY22,3yr ave (2019x2),FALSE
Dedham,Aug,2.6366666666666667,18-20,1.8,0.8366666666666667,FY22,3yr ave (2019x2),FALSE
Dedham,Dec,4.875555555555556,18-20,1.8,3.075555555555556,FY22,3yr ave (2019x2),FALSE
Dedham,Feb,4.85,18-20,1.8,3.05,FY22,3yr ave (2019x2),FALSE
Dedham,Jan,4.8133333333333335,18-20,1.8,3.0133333333333336,FY22,3yr ave (2019x2),FALSE
Dedham,Jul,2.7444444444444445,18-20,1.8,0.9444444444444444,FY22,3yr ave (2019x2),FALSE
Dedham,Jun,3.21,18-20,1.8,1.41,FY22,3yr ave (2019x2),FALSE
Dedham,Mar,5.774444444444445,18-20,1.8,3.974444444444445,FY22,3yr ave (2019x2),FALSE
Dedham,May,4.344444444444444,18-20,1.8,2.5444444444444443,FY22,3yr ave (2019x2),FALSE
Dedham,Nov,4.819999999999999,18-20,1.8,3.0199999999999996,FY22,3yr ave (2019x2),FALSE
Dedham,Oct,2.982222222222222,18-20,1.8,1.182222222222222,FY22,3yr ave (2019x2),FALSE
Dedham,Sep,2.54,18-20,1.8,0.74,FY22,3yr ave (2019x2),FALSE
Everett,Apr,6.8388888888888895,18-20,3.2,3.6388888888888893,FY22,3yr ave (2019x2),FALSE
Everett,Aug,5.697777777777778,18-20,3.2,2.4977777777777774,FY22,3yr ave (2019x2),FALSE
Everett,Dec,6.514444444444445,18-20,3.2,3.3144444444444447,FY22,3yr ave (2019x2),FALSE
Everett,Feb,6.640000000000001,18-20,3.2,3.4400000000000004,FY22,3yr ave (2019x2),FALSE
Everett,Jan,6.598888888888889,18-20,3.2,3.398888888888889,FY22,3yr ave (2019x2),FALSE
Everett,Jul,5.71,18-20,3.2,2.51,FY22,3yr ave (2019x2),FALSE
Everett,Jun,5.36,18-20,3.2,2.16,FY22,3yr ave (2019x2),FALSE
Everett,Mar,7.050000000000001,18-20,3.2,3.8500000000000005,FY22,3yr ave (2019x2),FALSE
Everett,May,5.984444444444445,18-20,3.2,2.7844444444444445,FY22,3yr ave (2019x2),FALSE
Everett,Nov,6.873333333333334,18-20,3.2,3.673333333333334,FY22,3yr ave (2019x2),FALSE
Everett,Oct,5.642222222222222,18-20,3.2,2.442222222222222,FY22,3yr ave (2019x2),FALSE
Everett,Sep,5.463333333333334,18-20,3.2,2.2633333333333336,FY22,3yr ave (2019x2),FALSE
Framingham,Apr,9.475555555555555,18-20,4.8,4.6755555555555555,FY22,3yr ave (2019x2),FALSE
Framingham,Aug,5.782222222222222,18-20,4.8,0.9822222222222221,FY22,3yr ave (2019x2),FALSE
Framingham,Dec,7.937777777777778,18-20,4.8,3.137777777777778,FY22,3yr ave (2019x2),FALSE
Framingham,Feb,8.392222222222223,18-20,4.8,3.5922222222222233,FY22,3yr ave (2019x2),FALSE
Framingham,Jan,7.884444444444444,18-20,4.8,3.0844444444444443,FY22,3yr ave (2019x2),FALSE
Framingham,Jul,5.9944444444444445,18-20,4.8,1.1944444444444446,FY22,3yr ave (2019x2),FALSE
Framingham,Jun,6.195555555555555,18-20,4.8,1.3955555555555552,FY22,3yr ave (2019x2),FALSE
Framingham,Mar,9.133333333333333,18-20,4.8,4.333333333333333,FY22,3yr ave (2019x2),FALSE
Framingham,May,7.873333333333333,18-20,4.8,3.0733333333333333,FY22,3yr ave (2019x2),FALSE
Framingham,Nov,8.053333333333333,18-20,4.8,3.253333333333333,FY22,3yr ave (2019x2),FALSE
Framingham,Oct,6.141111111111111,18-20,4.8,1.3411111111111111,FY22,3yr ave (2019x2),FALSE
Framingham,Sep,5.8933333333333335,18-20,4.7,1.1933333333333334,FY22,3yr ave (2019x2),FALSE
Hingham,Apr,1.97,18-20,0.5,1.47,FY22,3yr ave (2019x2),FALSE
Hingham,Aug,0.8222222222222222,18-20,0.5,0.3222222222222222,FY22,3yr ave (2019x2),FALSE
Hingham,Dec,1.8666666666666667,18-20,0.5,1.3666666666666667,FY22,3yr ave (2019x2),FALSE
Hingham,Feb,1.787777777777778,18-20,0.5,1.287777777777778,FY22,3yr ave (2019x2),FALSE
Hingham,Jan,1.7844444444444443,18-20,0.5,1.2844444444444443,FY22,3yr ave (2019x2),FALSE
Hingham,Jul,1.0255555555555556,18-20,0.5,0.5255555555555556,FY22,3yr ave (2019x2),FALSE
Hingham,Jun,1.1188888888888888,18-20,0.5,0.6188888888888888,FY22,3yr ave (2019x2),FALSE
Hingham,Mar,2.171111111111111,18-20,0.5,1.6711111111111112,FY22,3yr ave (2019x2),FALSE
Hingham,May,1.5122222222222221,18-20,0.5,1.0122222222222221,FY22,3yr ave (2019x2),FALSE
Hingham,Nov,1.9533333333333334,18-20,0.5,1.4533333333333334,FY22,3yr ave (2019x2),FALSE
Hingham,Oct,1.1,18-20,0.5,0.6000000000000001,FY22,3yr ave (2019x2),FALSE
Hingham,Sep,0.8411111111111111,18-20,0.5,0.34111111111111114,FY22,3yr ave (2019x2),FALSE
Holbrook,Apr,1.1788888888888889,18-20,0.5,0.6788888888888889,FY22,3yr ave (2019x2),FALSE
Holbrook,Aug,0.7077777777777778,18-20,0.5,0.20777777777777784,FY22,3yr ave (2019x2),FALSE
Holbrook,Dec,1.111111111111111,18-20,0.5,0.6111111111111109,FY22,3yr ave (2019x2),FALSE
Holbrook,Feb,1.0733333333333333,18-20,0.5,0.5733333333333333,FY22,3yr ave (2019x2),FALSE
Holbrook,Jan,1.0533333333333335,18-20,0.5,0.5533333333333335,FY22,3yr ave (2019x2),FALSE
Holbrook,Jul,0.7477777777777778,18-20,0.5,0.24777777777777776,FY22,3yr ave (2019x2),FALSE
Holbrook,Jun,0.8,18-20,0.5,0.30000000000000004,FY22,3yr ave (2019x2),FALSE
Holbrook,Mar,1.2433333333333334,18-20,0.5,0.7433333333333334,FY22,3yr ave (2019x2),FALSE
Holbrook,May,0.981111111111111,18-20,0.5,0.48111111111111104,FY22,3yr ave (2019x2),FALSE
Holbrook,Nov,1.1011111111111112,18-20,0.5,0.6011111111111112,FY22,3yr ave (2019x2),FALSE
Holbrook,Oct,0.8077777777777778,18-20,0.5,0.3077777777777778,FY22,3yr ave (2019x2),FALSE
Holbrook,Sep,0.6866666666666666,18-20,0.5,0.18666666666666665,FY22,3yr ave (2019x2),FALSE
Lexington,Apr,8.074444444444445,18-20,2.2,5.874444444444445,FY22,3yr ave (2019x2),FALSE
Lexington,Aug,3.4255555555555555,18-20,2.2,1.2255555555555553,FY22,3yr ave (2019x2),FALSE
Lexington,Dec,6.38,18-20,2.2,4.18,FY22,3yr ave (2019x2),FALSE
Lexington,Feb,6.358888888888889,18-20,2.2,4.158888888888889,FY22,3yr ave (2019x2),FALSE
Lexington,Jan,5.3500000000000005,18-20,2.2,3.1500000000000004,FY22,3yr ave (2019x2),FALSE
Lexington,Jul,3.8788888888888886,18-20,2.2,1.6788888888888884,FY22,3yr ave (2019x2),FALSE
Lexington,Jun,4.076666666666667,18-20,2.2,1.876666666666667,FY22,3yr ave (2019x2),FALSE
Lexington,Mar,7.502222222222222,18-20,2.2,5.3022222222222215,FY22,3yr ave (2019x2),FALSE
Lexington,May,6.411111111111111,18-20,2.2,4.211111111111111,FY22,3yr ave (2019x2),FALSE
Lexington,Nov,6.609999999999999,18-20,2.2,4.409999999999999,FY22,3yr ave (2019x2),FALSE
Lexington,Oct,3.9722222222222228,18-20,2.2,1.7722222222222226,FY22,3yr ave (2019x2),FALSE
Lexington,Sep,3.4811111111111113,18-20,2.2,1.281111111111111,FY22,3yr ave (2019x2),FALSE
Malden,Apr,10.758888888888889,18-20,4.9,5.858888888888888,FY22,3yr ave (2019x2),FALSE
Malden,Aug,7.39,18-20,4.9,2.4899999999999993,FY22,3yr ave (2019x2),FALSE
Malden,Dec,10.596666666666668,18-20,4.9,5.696666666666667,FY22,3yr ave (2019x2),FALSE
Malden,Feb,10.29,18-20,4.9,5.389999999999999,FY22,3yr ave (2019x2),FALSE
Malden,Jan,9.628888888888888,18-20,4.9,4.728888888888887,FY22,3yr ave (2019x2),FALSE
Malden,Jul,7.448888888888889,18-20,4.9,2.5488888888888885,FY22,3yr ave (2019x2),FALSE
Malden,Jun,7.7588888888888885,18-20,4.9,2.858888888888888,FY22,3yr ave (2019x2),FALSE
Malden,Mar,11.338888888888889,18-20,4.9,6.438888888888888,FY22,3yr ave (2019x2),FALSE
Malden,May,8.88111111111111,18-20,4.9,3.98111111111111,FY22,3yr ave (2019x2),FALSE
Malden,Nov,11.067777777777778,18-20,4.9,6.167777777777777,FY22,3yr ave (2019x2),FALSE
Malden,Oct,7.355555555555555,18-20,4.9,2.455555555555555,FY22,3yr ave (2019x2),FALSE
Malden,Sep,6.932222222222221,18-20,4.9,2.032222222222221,FY22,3yr ave (2019x2),FALSE
Medford,Apr,10.125555555555556,18-20,4.2,5.9255555555555555,FY22,3yr ave (2019x2),FALSE
Medford,Aug,6.303333333333334,18-20,4.2,2.1033333333333335,FY22,3yr ave (2019x2),FALSE
Medford,Dec,9.38888888888889,18-20,4.2,5.188888888888889,FY22,3yr ave (2019x2),FALSE
Medford,Feb,8.373333333333333,18-20,4.2,4.173333333333333,FY22,3yr ave (2019x2),FALSE
Medford,Jan,7.893333333333334,18-20,4.2,3.6933333333333342,FY22,3yr ave (2019x2),FALSE
Medford,Jul,6.055555555555555,18-20,4.2,1.8555555555555552,FY22,3yr ave (2019x2),FALSE
Medford,Jun,6.165555555555556,18-20,4.2,1.9655555555555555,FY22,3yr ave (2019x2),FALSE
Medford,Mar,9.944444444444445,18-20,4.2,5.7444444444444445,FY22,3yr ave (2019x2),FALSE
Medford,May,7.754444444444445,18-20,4.2,3.554444444444445,FY22,3yr ave (2019x2),FALSE
Medford,Nov,10.131111111111112,18-20,4.2,5.931111111111112,FY22,3yr ave (2019x2),FALSE
Medford,Oct,6.572222222222222,18-20,4.2,2.372222222222222,FY22,3yr ave (2019x2),FALSE
Medford,Sep,6.1433333333333335,18-20,4.2,1.9433333333333334,FY22,3yr ave (2019x2),FALSE
Melrose,Apr,6.101111111111111,18-20,1.8,4.301111111111111,FY22,3yr ave (2019x2),FALSE
Melrose,Aug,2.966666666666667,18-20,1.8,1.1666666666666667,FY22,3yr ave (2019x2),FALSE
Melrose,Dec,6.1688888888888895,18-20,1.8,4.36888888888889,FY22,3yr ave (2019x2),FALSE
Melrose,Feb,5.278888888888889,18-20,1.8,3.478888888888889,FY22,3yr ave (2019x2),FALSE
Melrose,Jan,4.921111111111111,18-20,1.8,3.1211111111111114,FY22,3yr ave (2019x2),FALSE
Melrose,Jul,3.0866666666666664,18-20,1.8,1.2866666666666664,FY22,3yr ave (2019x2),FALSE
Melrose,Jun,3.4444444444444446,18-20,1.8,1.6444444444444446,FY22,3yr ave (2019x2),FALSE
Melrose,Mar,5.967777777777778,18-20,1.8,4.167777777777778,FY22,3yr ave (2019x2),FALSE
Melrose,May,4.63,18-20,1.8,2.83,FY22,3yr ave (2019x2),FALSE
Melrose,Nov,6.225555555555556,18-20,1.8,4.425555555555556,FY22,3yr ave (2019x2),FALSE
Melrose,Oct,3.3666666666666667,18-20,1.8,1.5666666666666667,FY22,3yr ave (2019x2),FALSE
Melrose,Sep,2.8855555555555554,18-20,1.8,1.0855555555555554,FY22,3yr ave (2019x2),FALSE
Milton,Apr,5.168888888888889,18-20,1.4,3.7688888888888887,FY22,3yr ave (2019x2),FALSE
Milton,Aug,1.9922222222222223,18-20,1.4,0.5922222222222224,FY22,3yr ave (2019x2),FALSE
Milton,Dec,4.582222222222223,18-20,1.4,3.1822222222222227,FY22,3yr ave (2019x2),FALSE
Milton,Feb,4.397777777777778,18-20,1.4,2.997777777777778,FY22,3yr ave (2019x2),FALSE
Milton,Jan,4.311111111111111,18-20,1.4,2.911111111111111,FY22,3yr ave (2019x2),FALSE
Milton,Jul,2.227777777777778,18-20,1.4,0.827777777777778,FY22,3yr ave (2019x2),FALSE
Milton,Jun,2.582222222222222,18-20,1.4,1.1822222222222223,FY22,3yr ave (2019x2),FALSE
Milton,Mar,5.335555555555556,18-20,1.4,3.9355555555555557,FY22,3yr ave (2019x2),FALSE
Milton,May,3.851111111111111,18-20,1.4,2.451111111111111,FY22,3yr ave (2019x2),FALSE
Milton,Nov,4.835555555555556,18-20,1.4,3.4355555555555557,FY22,3yr ave (2019x2),FALSE
Milton,Oct,2.5566666666666666,18-20,1.4,1.1566666666666667,FY22,3yr ave (2019x2),FALSE
Milton,Sep,2.061111111111111,18-20,1.4,0.661111111111111,FY22,3yr ave (2019x2),FALSE
Natick,Apr,4.021111111111111,18-20,1.8,2.221111111111111,FY22,3yr ave (2019x2),FALSE
Natick,Aug,2.3955555555555557,18-20,1.8,0.5955555555555556,FY22,3yr ave (2019x2),FALSE
Natick,Dec,3.5355555555555553,18-20,1.8,1.7355555555555553,FY22,3yr ave (2019x2),FALSE
Natick,Feb,3.408888888888889,18-20,1.8,1.6088888888888888,FY22,3yr ave (2019x2),FALSE
Natick,Jan,3.221111111111111,18-20,1.8,1.421111111111111,FY22,3yr ave (2019x2),FALSE
Natick,Jul,2.4266666666666667,18-20,1.8,0.6266666666666667,FY22,3yr ave (2019x2),FALSE
Natick,Jun,2.566666666666667,18-20,1.8,0.7666666666666668,FY22,3yr ave (2019x2),FALSE
Natick,Mar,3.8533333333333335,18-20,1.8,2.0533333333333337,FY22,3yr ave (2019x2),FALSE
Natick,May,3.27,18-20,1.8,1.47,FY22,3yr ave (2019x2),FALSE
Natick,Nov,3.4522222222222223,18-20,1.8,1.6522222222222223,FY22,3yr ave (2019x2),FALSE
Natick,Oct,2.4366666666666665,18-20,1.8,0.6366666666666665,FY22,3yr ave (2019x2),FALSE
Natick,Sep,2.2911111111111113,18-20,1.8,0.4911111111111113,FY22,3yr ave (2019x2),FALSE
Needham,Apr,5.484444444444445,18-20,1.9,3.5844444444444448,FY22,3yr ave (2019x2),FALSE
Needham,Aug,2.862222222222222,18-20,1.9,0.9622222222222221,FY22,3yr ave (2019x2),FALSE
Needham,Dec,4.736666666666666,18-20,1.9,2.8366666666666664,FY22,3yr ave (2019x2),FALSE
Needham,Feb,4.446666666666667,18-20,1.9,2.5466666666666673,FY22,3yr ave (2019x2),FALSE
Needham,Jan,4.374444444444444,18-20,1.9,2.4744444444444444,FY22,3yr ave (2019x2),FALSE
Needham,Jul,2.9455555555555555,18-20,1.9,1.0455555555555556,FY22,3yr ave (2019x2),FALSE
Needham,Jun,3.2866666666666666,18-20,1.9,1.3866666666666667,FY22,3yr ave (2019x2),FALSE
Needham,Mar,5.343333333333334,18-20,1.9,3.443333333333334,FY22,3yr ave (2019x2),FALSE
Needham,May,4.392222222222222,18-20,1.9,2.4922222222222223,FY22,3yr ave (2019x2),FALSE
Needham,Nov,5.028888888888889,18-20,1.9,3.128888888888889,FY22,3yr ave (2019x2),FALSE
Needham,Oct,3.2,18-20,1.9,1.3000000000000003,FY22,3yr ave (2019x2),FALSE
Needham,Sep,2.7733333333333334,18-20,1.9,0.8733333333333335,FY22,3yr ave (2019x2),FALSE
Newton,Apr,22.166666666666668,18-20,7.8,14.366666666666667,FY22,3yr ave (2019x2),FALSE
Newton,Aug,10.457777777777778,18-20,7.8,2.6577777777777785,FY22,3yr ave (2019x2),FALSE
Newton,Dec,18.857777777777777,18-20,7.8,11.057777777777776,FY22,3yr ave (2019x2),FALSE
Newton,Feb,17.538888888888888,18-20,7.8,9.738888888888887,FY22,3yr ave (2019x2),FALSE
Newton,Jan,16.69333333333333,18-20,7.8,8.89333333333333,FY22,3yr ave (2019x2),FALSE
Newton,Jul,10.754444444444445,18-20,7.8,2.9544444444444453,FY22,3yr ave (2019x2),FALSE
Newton,Jun,12.39,18-20,7.8,4.590000000000001,FY22,3yr ave (2019x2),FALSE
Newton,Mar,20.75888888888889,18-20,7.8,12.95888888888889,FY22,3yr ave (2019x2),FALSE
Newton,May,17.337777777777777,18-20,7.8,9.537777777777777,FY22,3yr ave (2019x2),FALSE
Newton,Nov,18.93888888888889,18-20,7.8,11.13888888888889,FY22,3yr ave (2019x2),FALSE
Newton,Oct,11.064444444444444,18-20,7.8,3.264444444444444,FY22,3yr ave (2019x2),FALSE
Newton,Sep,9.677777777777777,18-20,7.8,1.8777777777777773,FY22,3yr ave (2019x2),FALSE
Norwood,Apr,8.444444444444445,18-20,2.4,6.044444444444444,FY22,3yr ave (2019x2),FALSE
Norwood,Aug,4.098888888888888,18-20,2.4,1.6988888888888884,FY22,3yr ave (2019x2),FALSE
Norwood,Dec,7.663333333333333,18-20,2.4,5.263333333333334,FY22,3yr ave (2019x2),FALSE
Norwood,Feb,7.2877777777777775,18-20,2.4,4.887777777777778,FY22,3yr ave (2019x2),FALSE
Norwood,Jan,7.477777777777778,18-20,2.4,5.0777777777777775,FY22,3yr ave (2019x2),FALSE
Norwood,Jul,4.51,18-20,2.4,2.11,FY22,3yr ave (2019x2),FALSE
Norwood,Jun,5.264444444444445,18-20,2.4,2.864444444444445,FY22,3yr ave (2019x2),FALSE
Norwood,Mar,8.956666666666667,18-20,2.4,6.556666666666667,FY22,3yr ave (2019x2),FALSE
Norwood,May,6.504444444444445,18-20,2.4,4.104444444444445,FY22,3yr ave (2019x2),FALSE
Norwood,Nov,8.123333333333333,18-20,2.4,5.723333333333333,FY22,3yr ave (2019x2),FALSE
Norwood,Oct,5.262222222222222,18-20,2.4,2.8622222222222224,FY22,3yr ave (2019x2),FALSE
Norwood,Sep,4.655555555555555,18-20,2.4,2.255555555555555,FY22,3yr ave (2019x2),FALSE
Quincy,Apr,17.23222222222222,18-20,8.2,9.03222222222222,FY22,3yr ave (2019x2),FALSE
Quincy,Aug,10.937777777777779,18-20,8.2,2.7377777777777794,FY22,3yr ave (2019x2),FALSE
Quincy,Dec,15.62,18-20,8.2,7.42,FY22,3yr ave (2019x2),FALSE
Quincy,Feb,15.265555555555556,18-20,8.2,7.065555555555557,FY22,3yr ave (2019x2),FALSE
Quincy,Jan,15.227777777777778,18-20,8.2,7.027777777777779,FY22,3yr ave (2019x2),FALSE
Quincy,Jul,12.012222222222222,18-20,8.2,3.812222222222223,FY22,3yr ave (2019x2),FALSE
Quincy,Jun,12.423333333333334,18-20,8.2,4.2233333333333345,FY22,3yr ave (2019x2),FALSE
Quincy,Mar,18.293333333333333,18-20,8.2,10.093333333333334,FY22,3yr ave (2019x2),FALSE
Quincy,May,14.655555555555555,18-20,8.2,6.455555555555556,FY22,3yr ave (2019x2),FALSE
Quincy,Nov,16.614444444444445,18-20,8.2,8.414444444444445,FY22,3yr ave (2019x2),FALSE
Quincy,Oct,11.987777777777778,18-20,8.2,3.7877777777777784,FY22,3yr ave (2019x2),FALSE
Quincy,Sep,10.835555555555556,18-20,8.2,2.635555555555557,FY22,3yr ave (2019x2),FALSE
Randolph,Apr,5.0744444444444445,18-20,1.9,3.1744444444444446,FY22,3yr ave (2019x2),FALSE
Randolph,Aug,2.4233333333333333,18-20,1.9,0.5233333333333334,FY22,3yr ave (2019x2),FALSE
Randolph,Dec,4.687777777777778,18-20,1.9,2.787777777777778,FY22,3yr ave (2019x2),FALSE
Randolph,Feb,4.5600000000000005,18-20,1.9,2.6600000000000006,FY22,3yr ave (2019x2),FALSE
Randolph,Jan,4.611111111111111,18-20,1.9,2.711111111111111,FY22,3yr ave (2019x2),FALSE
Randolph,Jul,2.7255555555555557,18-20,1.9,0.8255555555555558,FY22,3yr ave (2019x2),FALSE
Randolph,Jun,3.2755555555555556,18-20,1.9,1.3755555555555556,FY22,3yr ave (2019x2),FALSE
Randolph,Mar,5.723333333333334,18-20,1.9,3.8233333333333337,FY22,3yr ave (2019x2),FALSE
Randolph,May,4.1288888888888895,18-20,1.9,2.2288888888888896,FY22,3yr ave (2019x2),FALSE
Randolph,Nov,4.673333333333333,18-20,1.9,2.773333333333333,FY22,3yr ave (2019x2),FALSE
Randolph,Oct,3.0933333333333333,18-20,1.9,1.1933333333333334,FY22,3yr ave (2019x2),FALSE
Randolph,Sep,2.5688888888888886,18-20,1.9,0.6688888888888886,FY22,3yr ave (2019x2),FALSE
Reading,Apr,4.765555555555555,18-20,1.3,3.4655555555555555,FY22,3yr ave (2019x2),FALSE
Reading,Aug,1.9844444444444445,18-20,1.3,0.6844444444444444,FY22,3yr ave (2019x2),FALSE
Reading,Dec,3.747777777777778,18-20,1.3,2.4477777777777776,FY22,3yr ave (2019x2),FALSE
Reading,Feb,3.7955555555555556,18-20,1.3,2.4955555555555557,FY22,3yr ave (2019x2),FALSE
Reading,Jan,3.48,18-20,1.3,2.1799999999999997,FY22,3yr ave (2019x2),FALSE
Reading,Jul,2.0133333333333336,18-20,1.3,0.7133333333333336,FY22,3yr ave (2019x2),FALSE
Reading,Jun,2.6988888888888893,18-20,1.3,1.3988888888888893,FY22,3yr ave (2019x2),FALSE
Reading,Mar,4.653333333333333,18-20,1.3,3.3533333333333335,FY22,3yr ave (2019x2),FALSE
Reading,May,3.8133333333333335,18-20,1.3,2.5133333333333336,FY22,3yr ave (2019x2),FALSE
Reading,Nov,3.801111111111111,18-20,1.3,2.5011111111111113,FY22,3yr ave (2019x2),FALSE
Reading,Oct,2.3144444444444447,18-20,1.3,1.0144444444444447,FY22,3yr ave (2019x2),FALSE
Reading,Sep,2.0422222222222226,18-20,1.3,0.7422222222222226,FY22,3yr ave (2019x2),FALSE
Revere,Apr,7.764444444444445,18-20,3.5,4.264444444444445,FY22,3yr ave (2019x2),FALSE
Revere,Aug,5.655555555555556,18-20,3.5,2.155555555555556,FY22,3yr ave (2019x2),FALSE
Revere,Dec,7.70888888888889,18-20,3.5,4.20888888888889,FY22,3yr ave (2019x2),FALSE
Revere,Feb,7.337777777777778,18-20,3.5,3.837777777777778,FY22,3yr ave (2019x2),FALSE
Revere,Jan,7.094444444444445,18-20,3.5,3.594444444444445,FY22,3yr ave (2019x2),FALSE
Revere,Jul,5.7811111111111115,18-20,3.5,2.2811111111111115,FY22,3yr ave (2019x2),FALSE
Revere,Jun,5.644444444444445,18-20,3.5,2.144444444444445,FY22,3yr ave (2019x2),FALSE
Revere,Mar,8.012222222222222,18-20,3.5,4.512222222222222,FY22,3yr ave (2019x2),FALSE
Revere,May,6.58,18-20,3.5,3.08,FY22,3yr ave (2019x2),FALSE
Revere,Nov,8.391111111111112,18-20,3.5,4.891111111111112,FY22,3yr ave (2019x2),FALSE
Revere,Oct,6.367777777777778,18-20,3.5,2.8677777777777784,FY22,3yr ave (2019x2),FALSE
Revere,Sep,5.485555555555556,18-20,3.5,1.985555555555556,FY22,3yr ave (2019x2),FALSE
Somerville,Apr,13.25,18-20,5.5,7.75,FY22,3yr ave (2019x2),FALSE
Somerville,Aug,9.462222222222222,18-20,5.5,3.9622222222222216,FY22,3yr ave (2019x2),FALSE
Somerville,Dec,10.9,18-20,5.5,5.4,FY22,3yr ave (2019x2),FALSE
Somerville,Feb,11.127777777777778,18-20,5.5,5.627777777777778,FY22,3yr ave (2019x2),FALSE
Somerville,Jan,10.755555555555556,18-20,5.5,5.255555555555556,FY22,3yr ave (2019x2),FALSE
Somerville,Jul,9.47,18-20,5.5,3.9700000000000006,FY22,3yr ave (2019x2),FALSE
Somerville,Jun,8.38888888888889,18-20,5.5,2.8888888888888893,FY22,3yr ave (2019x2),FALSE
Somerville,Mar,12.435555555555556,18-20,5.5,6.935555555555556,FY22,3yr ave (2019x2),FALSE
Somerville,May,9.25,18-20,5.5,3.75,FY22,3yr ave (2019x2),FALSE
Somerville,Nov,11.985555555555557,18-20,5.5,6.485555555555557,FY22,3yr ave (2019x2),FALSE
Somerville,Oct,10.498888888888889,18-20,5.5,4.998888888888889,FY22,3yr ave (2019x2),FALSE
Somerville,Sep,8.625555555555556,18-20,5.5,3.1255555555555556,FY22,3yr ave (2019x2),FALSE
Stoneham,Apr,4.453333333333333,18-20,1.4,3.0533333333333332,FY22,3yr ave (2019x2),FALSE
Stoneham,Aug,2.528888888888889,18-20,1.4,1.128888888888889,FY22,3yr ave (2019x2),FALSE
Stoneham,Dec,4.736666666666667,18-20,1.4,3.3366666666666673,FY22,3yr ave (2019x2),FALSE
Stoneham,Feb,3.5833333333333335,18-20,1.4,2.1833333333333336,FY22,3yr ave (2019x2),FALSE
Stoneham,Jan,3.37,18-20,1.4,1.9700000000000002,FY22,3yr ave (2019x2),FALSE
Stoneham,Jul,2.53,18-20,1.4,1.13,FY22,3yr ave (2019x2),FALSE
Stoneham,Jun,2.541111111111111,18-20,1.4,1.141111111111111,FY22,3yr ave (2019x2),FALSE
Stoneham,Mar,4.341111111111111,18-20,1.4,2.9411111111111112,FY22,3yr ave (2019x2),FALSE
Stoneham,May,3.3355555555555556,18-20,1.4,1.9355555555555557,FY22,3yr ave (2019x2),FALSE
Stoneham,Nov,4.774444444444445,18-20,1.4,3.374444444444445,FY22,3yr ave (2019x2),FALSE
Stoneham,Oct,2.637777777777778,18-20,1.4,1.237777777777778,FY22,3yr ave (2019x2),FALSE
Stoneham,Sep,2.48,18-20,1.4,1.08,FY22,3yr ave (2019x2),FALSE
Stoughton,Apr,4.644444444444444,18-20,1.4,3.244444444444444,FY22,3yr ave (2019x2),FALSE
Stoughton,Aug,1.8933333333333333,18-20,1.4,0.4933333333333334,FY22,3yr ave (2019x2),FALSE
Stoughton,Dec,4.023333333333333,18-20,1.4,2.6233333333333335,FY22,3yr ave (2019x2),FALSE
Stoughton,Feb,3.921111111111111,18-20,1.4,2.5211111111111113,FY22,3yr ave (2019x2),FALSE
Stoughton,Jan,3.8922222222222222,18-20,1.4,2.4922222222222223,FY22,3yr ave (2019x2),FALSE
Stoughton,Jul,2.2144444444444447,18-20,1.4,0.8144444444444447,FY22,3yr ave (2019x2),FALSE
Stoughton,Jun,2.732222222222222,18-20,1.4,1.3322222222222222,FY22,3yr ave (2019x2),FALSE
Stoughton,Mar,4.756666666666667,18-20,1.4,3.356666666666667,FY22,3yr ave (2019x2),FALSE
Stoughton,May,3.7133333333333334,18-20,1.4,2.3133333333333335,FY22,3yr ave (2019x2),FALSE
Stoughton,Nov,3.927777777777778,18-20,1.4,2.527777777777778,FY22,3yr ave (2019x2),FALSE
Stoughton,Oct,2.6122222222222224,18-20,1.4,1.2122222222222225,FY22,3yr ave (2019x2),FALSE
Stoughton,Sep,2.09,18-20,1.4,0.69,FY22,3yr ave (2019x2),FALSE
Wakefield,Apr,6.58,18-20,1.5,5.08,FY22,3yr ave (2019x2),FALSE
Wakefield,Aug,3.1400000000000006,18-20,1.5,1.6400000000000006,FY22,3yr ave (2019x2),FALSE
Wakefield,Dec,5.687777777777778,18-20,1.5,4.187777777777778,FY22,3yr ave (2019x2),FALSE
Wakefield,Feb,5.395555555555556,18-20,1.5,3.895555555555556,FY22,3yr ave (2019x2),FALSE
Wakefield,Jan,4.777777777777779,18-20,1.5,3.2777777777777786,FY22,3yr ave (2019x2),FALSE
Wakefield,Jul,3.248888888888889,18-20,1.5,1.7488888888888892,FY22,3yr ave (2019x2),FALSE
Wakefield,Jun,3.696666666666667,18-20,1.5,2.196666666666667,FY22,3yr ave (2019x2),FALSE
Wakefield,Mar,6.394444444444445,18-20,1.5,4.894444444444445,FY22,3yr ave (2019x2),FALSE
Wakefield,May,5.182222222222222,18-20,1.5,3.6822222222222223,FY22,3yr ave (2019x2),FALSE
Wakefield,Nov,5.823333333333334,18-20,1.5,4.323333333333334,FY22,3yr ave (2019x2),FALSE
Wakefield,Oct,3.308888888888889,18-20,1.5,1.8088888888888892,FY22,3yr ave (2019x2),FALSE
Wakefield,Sep,2.977777777777778,18-20,1.5,1.4777777777777779,FY22,3yr ave (2019x2),FALSE
Walpole,Apr,2.891111111111111,18-20,1.2,1.691111111111111,FY22,3yr ave (2019x2),FALSE
Walpole,Aug,1.9855555555555555,18-20,1.2,0.7855555555555556,FY22,3yr ave (2019x2),FALSE
Walpole,Dec,2.5522222222222224,18-20,1.2,1.3522222222222224,FY22,3yr ave (2019x2),FALSE
Walpole,Feb,2.4922222222222223,18-20,1.2,1.2922222222222224,FY22,3yr ave (2019x2),FALSE
Walpole,Jan,2.523333333333333,18-20,1.2,1.323333333333333,FY22,3yr ave (2019x2),FALSE
Walpole,Jul,1.6844444444444444,18-20,1.2,0.48444444444444446,FY22,3yr ave (2019x2),FALSE
Walpole,Jun,1.8788888888888888,18-20,1.2,0.6788888888888889,FY22,3yr ave (2019x2),FALSE
Walpole,Mar,2.89,18-20,1.2,1.6900000000000002,FY22,3yr ave (2019x2),FALSE
Walpole,May,2.5011111111111113,18-20,1.2,1.3011111111111113,FY22,3yr ave (2019x2),FALSE
Walpole,Nov,2.683333333333333,18-20,1.2,1.4833333333333332,FY22,3yr ave (2019x2),FALSE
Walpole,Oct,1.9566666666666666,18-20,1.2,0.7566666666666666,FY22,3yr ave (2019x2),FALSE
Walpole,Sep,1.7533333333333334,18-20,1.2,0.5533333333333335,FY22,3yr ave (2019x2),FALSE
Waltham,Apr,12.38,18-20,5.6,6.780000000000001,FY22,3yr ave (2019x2),FALSE
Waltham,Aug,7.384444444444444,18-20,5.6,1.7844444444444445,FY22,3yr ave (2019x2),FALSE
Waltham,Dec,10.602222222222222,18-20,5.6,5.002222222222223,FY22,3yr ave (2019x2),FALSE
Waltham,Feb,10.503333333333334,18-20,5.6,4.903333333333334,FY22,3yr ave (2019x2),FALSE
Waltham,Jan,9.94888888888889,18-20,5.6,4.34888888888889,FY22,3yr ave (2019x2),FALSE
Waltham,Jul,7.746666666666667,18-20,5.6,2.1466666666666674,FY22,3yr ave (2019x2),FALSE
Waltham,Jun,8.2844444444444445,18-20,5.6,2.684444444444445,FY22,3yr ave (2019x2),FALSE
Waltham,Mar,11.945555555555556,18-20,5.6,6.345555555555556,FY22,3yr ave (2019x2),FALSE
Waltham,May,10.24,18-20,5.6,4.640000000000001,FY22,3yr ave (2019x2),FALSE
Waltham,Nov,10.704444444444444,18-20,5.6,5.104444444444445,FY22,3yr ave (2019x2),FALSE
Waltham,Oct,7.934444444444445,18-20,5.6,2.334444444444445,FY22,3yr ave (2019x2),FALSE
Waltham,Sep,7.612222222222223,18-20,5.6,2.0122222222222232,FY22,3yr ave (2019x2),FALSE
Watertown,Apr,4.82,18-20,2.2,2.62,FY22,3yr ave (2019x2),FALSE
Watertown,Aug,2.7600000000000002,18-20,2.2,0.56,FY22,3yr ave (2019x2),FALSE
Watertown,Dec,4.2877777777777775,18-20,2.2,2.0877777777777773,FY22,3yr ave (2019x2),FALSE
Watertown,Feb,4.193333333333333,18-20,2.2,1.9933333333333332,FY22,3yr ave (2019x2),FALSE
Watertown,Jan,3.9622222222222225,18-20,2.2,1.7622222222222224,FY22,3yr ave (2019x2),FALSE
Watertown,Jul,2.761111111111111,18-20,2.2,0.5611111111111109,FY22,3yr ave (2019x2),FALSE
Watertown,Jun,2.988888888888889,18-20,2.2,0.7888888888888888,FY22,3yr ave (2019x2),FALSE
Watertown,Mar,4.7877777777777775,18-20,2.2,2.5877777777777773,FY22,3yr ave (2019x2),FALSE
Watertown,May,3.8233333333333333,18-20,2.2,1.623333333333333,FY22,3yr ave (2019x2),FALSE
Watertown,Nov,4.506666666666667,18-20,2.2,2.3066666666666666,FY22,3yr ave (2019x2),FALSE
Watertown,Oct,2.9455555555555555,18-20,2.2,0.7455555555555553,FY22,3yr ave (2019x2),FALSE
Watertown,Sep,2.7255555555555557,18-20,2.2,0.5255555555555556,FY22,3yr ave (2019x2),FALSE
Wellesley,Apr,5.203333333333333,18-20,1.7,3.503333333333333,FY22,3yr ave (2019x2),FALSE
Wellesley,Aug,2.492222222222222,18-20,1.7,0.7922222222222219,FY22,3yr ave (2019x2),FALSE
Wellesley,Dec,4.412222222222222,18-20,1.7,2.7122222222222216,FY22,3yr ave (2019x2),FALSE
Wellesley,Feb,3.9933333333333336,18-20,1.7,2.293333333333334,FY22,3yr ave (2019x2),FALSE
Wellesley,Jan,3.812222222222222,18-20,1.7,2.112222222222222,FY22,3yr ave (2019x2),FALSE
Wellesley,Jul,2.4722222222222223,18-20,1.7,0.7722222222222224,FY22,3yr ave (2019x2),FALSE
Wellesley,Jun,2.7822222222222224,18-20,1.7,1.0822222222222224,FY22,3yr ave (2019x2),FALSE
Wellesley,Mar,4.818888888888889,18-20,1.7,3.118888888888889,FY22,3yr ave (2019x2),FALSE
Wellesley,May,3.9033333333333333,18-20,1.7,2.203333333333333,FY22,3yr ave (2019x2),FALSE
Wellesley,Nov,4.48,18-20,1.7,2.7800000000000002,FY22,3yr ave (2019x2),FALSE
Wellesley,Oct,2.8233333333333333,18-20,1.7,1.1233333333333333,FY22,3yr ave (2019x2),FALSE
Wellesley,Sep,2.4944444444444445,18-20,1.7,0.7944444444444445,FY22,3yr ave (2019x2),FALSE
Westwood,Apr,2.5033333333333334,18-20,0.9,1.6033333333333335,FY22,3yr ave (2019x2),FALSE
Westwood,Aug,1.2944444444444443,18-20,0.9,0.39444444444444426,FY22,3yr ave (2019x2),FALSE
Westwood,Dec,2.171111111111111,18-20,0.9,1.2711111111111113,FY22,3yr ave (2019x2),FALSE
Westwood,Feb,2.25,18-20,0.9,1.35,FY22,3yr ave (2019x2),FALSE
Westwood,Jan,2.1622222222222223,18-20,0.9,1.2622222222222224,FY22,3yr ave (2019x2),FALSE
Westwood,Jul,1.2966666666666666,18-20,0.9,0.3966666666666666,FY22,3yr ave (2019x2),FALSE
Westwood,Jun,1.5566666666666666,18-20,0.9,0.6566666666666666,FY22,3yr ave (2019x2),FALSE
Westwood,Mar,2.511111111111111,18-20,0.9,1.6111111111111112,FY22,3yr ave (2019x2),FALSE
Westwood,May,1.9866666666666666,18-20,0.9,1.0866666666666664,FY22,3yr ave (2019x2),FALSE
Westwood,Nov,2.3166666666666664,18-20,0.9,1.4166666666666665,FY22,3yr ave (2019x2),FALSE
Westwood,Oct,1.4822222222222223,18-20,0.9,0.5822222222222223,FY22,3yr ave (2019x2),FALSE
Westwood,Sep,1.301111111111111,18-20,0.9,0.4011111111111111,FY22,3yr ave (2019x2),FALSE
Weymouth,Apr,11.97,18-20,3.7,8.27,FY22,3yr ave (2019x2),FALSE
Weymouth,Aug,5.739999999999999,18-20,3.7,2.039999999999999,FY22,3yr ave (2019x2),FALSE
Weymouth,Dec,11.481111111111112,18-20,3.7,7.7811111111111115,FY22,3yr ave (2019x2),FALSE
Weymouth,Feb,10.897777777777778,18-20,3.7,7.197777777777778,FY22,3yr ave (2019x2),FALSE
Weymouth,Jan,11.29,18-20,3.7,7.589999999999999,FY22,3yr ave (2019x2),FALSE
Weymouth,Jul,6.665555555555556,18-20,3.7,2.9655555555555555,FY22,3yr ave (2019x2),FALSE
Weymouth,Jun,7.481111111111111,18-20,3.7,3.7811111111111106,FY22,3yr ave (2019x2),FALSE
Weymouth,Mar,12.806666666666667,18-20,3.7,9.106666666666666,FY22,3yr ave (2019x2),FALSE
Weymouth,May,9.616666666666667,18-20,3.7,5.916666666666667,FY22,3yr ave (2019x2),FALSE
Weymouth,Nov,11.854444444444445,18-20,3.7,8.154444444444444,FY22,3yr ave (2019x2),FALSE
Weymouth,Oct,7.636666666666667,18-20,3.7,3.9366666666666665,FY22,3yr ave (2019x2),FALSE
Weymouth,Sep,6.1322222222222225,18-20,3.7,2.4322222222222223,FY22,3yr ave (2019x2),FALSE
Wilmington,Apr,1.8599999999999999,18-20,0.8,1.0599999999999998,FY22,3yr ave (2019x2),FALSE
Wilmington,Aug,1.4022222222222223,18-20,0.8,0.6022222222222222,FY22,3yr ave (2019x2),FALSE
Wilmington,Dec,1.5988888888888888,18-20,0.8,0.7988888888888888,FY22,3yr ave (2019x2),FALSE
Wilmington,Feb,1.5622222222222222,18-20,0.8,0.7622222222222221,FY22,3yr ave (2019x2),FALSE
Wilmington,Jan,1.478888888888889,18-20,0.8,0.6788888888888889,FY22,3yr ave (2019x2),FALSE
Wilmington,Jul,1.3544444444444443,18-20,0.8,0.5544444444444443,FY22,3yr ave (2019x2),FALSE
Wilmington,Jun,1.4777777777777779,18-20,0.8,0.6777777777777778,FY22,3yr ave (2019x2),FALSE
Wilmington,Mar,1.7066666666666666,18-20,0.8,0.9066666666666665,FY22,3yr ave (2019x2),FALSE
Wilmington,May,1.5911111111111111,18-20,0.8,0.7911111111111111,FY22,3yr ave (2019x2),FALSE
Wilmington,Nov,1.6933333333333334,18-20,0.8,0.8933333333333333,FY22,3yr ave (2019x2),FALSE
Wilmington,Oct,1.451111111111111,18-20,0.8,0.651111111111111,FY22,3yr ave (2019x2),FALSE
Wilmington,Sep,1.4255555555555555,18-20,0.8,0.6255555555555554,FY22,3yr ave (2019x2),FALSE
Winchester,Apr,3.7044444444444444,18-20,1.1,2.6044444444444443,FY22,3yr ave (2019x2),FALSE
Winchester,Aug,1.5611111111111111,18-20,1.1,0.461111111111111,FY22,3yr ave (2019x2),FALSE
Winchester,Dec,3.013333333333333,18-20,1.1,1.913333333333333,FY22,3yr ave (2019x2),FALSE
Winchester,Feb,3.0500000000000003,18-20,1.1,1.9500000000000002,FY22,3yr ave (2019x2),FALSE
Winchester,Jan,2.6933333333333334,18-20,1.1,1.5933333333333333,FY22,3yr ave (2019x2),FALSE
Winchester,Jul,1.751111111111111,18-20,1.1,0.651111111111111,FY22,3yr ave (2019x2),FALSE
Winchester,Jun,2.031111111111111,18-20,1.1,0.931111111111111,FY22,3yr ave (2019x2),FALSE
Winchester,Mar,3.5233333333333334,18-20,1.1,2.4233333333333333,FY22,3yr ave (2019x2),FALSE
Winchester,May,2.852222222222222,18-20,1.1,1.7522222222222221,FY22,3yr ave (2019x2),FALSE
Winchester,Nov,3.1133333333333333,18-20,1.1,2.013333333333333,FY22,3yr ave (2019x2),FALSE
Winchester,Oct,1.7333333333333334,18-20,1.1,0.6333333333333333,FY22,3yr ave (2019x2),FALSE
Winchester,Sep,1.5933333333333333,18-20,1.1,0.4933333333333332,FY22,3yr ave (2019x2),FALSE
Winthrop,Apr,2.5255555555555556,18-20,1.1,1.4255555555555555,FY22,3yr ave (2019x2),FALSE
Winthrop,Aug,2.0211111111111113,18-20,1.1,0.9211111111111112,FY22,3yr ave (2019x2),FALSE
Winthrop,Dec,2.5144444444444445,18-20,1.1,1.4144444444444444,FY22,3yr ave (2019x2),FALSE
Winthrop,Feb,2.33,18-20,1.1,1.23,FY22,3yr ave (2019x2),FALSE
Winthrop,Jan,2.371111111111111,18-20,1.1,1.2711111111111109,FY22,3yr ave (2019x2),FALSE
Winthrop,Jul,2.1933333333333334,18-20,1.1,1.0933333333333333,FY22,3yr ave (2019x2),FALSE
Winthrop,Jun,2.147777777777778,18-20,1.1,1.0477777777777777,FY22,3yr ave (2019x2),FALSE
Winthrop,Mar,2.634444444444444,18-20,1.1,1.534444444444444,FY22,3yr ave (2019x2),FALSE
Winthrop,May,2.3055555555555554,18-20,1.1,1.2055555555555553,FY22,3yr ave (2019x2),FALSE
Winthrop,Nov,2.91,18-20,1.1,1.81,FY22,3yr ave (2019x2),FALSE
Winthrop,Oct,2.2955555555555556,18-20,1.1,1.1955555555555555,FY22,3yr ave (2019x2),FALSE
Winthrop,Sep,1.9833333333333334,18-20,1.1,0.8833333333333333,FY22,3yr ave (2019x2),FALSE
Woburn,Apr,8.276666666666667,18-20,3.7,4.576666666666667,FY22,3yr ave (2019x2),FALSE
Woburn,Aug,5.427777777777778,18-20,3.7,1.7277777777777779,FY22,3yr ave (2019x2),FALSE
Woburn,Dec,6.9655555555555555,18-20,3.7,3.2655555555555553,FY22,3yr ave (2019x2),FALSE
Woburn,Feb,7.238888888888889,18-20,3.7,3.5388888888888888,FY22,3yr ave (2019x2),FALSE
Woburn,Jan,6.731111111111111,18-20,3.7,3.0311111111111106,FY22,3yr ave (2019x2),FALSE
Woburn,Jul,6.166666666666666,18-20,3.7,2.466666666666666,FY22,3yr ave (2019x2),FALSE
Woburn,Jun,6.525555555555556,18-20,3.7,2.825555555555556,FY22,3yr ave (2019x2),FALSE
Woburn,Mar,7.73,18-20,3.7,4.03,FY22,3yr ave (2019x2),FALSE
Woburn,May,7.993333333333334,18-20,3.7,4.293333333333334,FY22,3yr ave (2019x2),FALSE
Woburn,Nov,6.535555555555556,18-20,3.7,2.8355555555555556,FY22,3yr ave (2019x2),FALSE
Woburn,Oct,5.435555555555555,18-20,3.7,1.735555555555555,FY22,3yr ave (2019x2),FALSE
Woburn,Sep,5.097777777777777,18-20,3.7,1.397777777777777,FY22,3yr ave (2019x2),FALSE
Arlington,Apr,6.9799999999999995,18-20,2.5,4.4799999999999995,FY22,3yr ave (2019x2),FALSE
Arlington,Aug,3.274166666666667,18-20,2.5,0.7741666666666669,FY22,3yr ave (2019x2),FALSE
Arlington,Dec,6.578333333333333,18-20,2.5,4.078333333333333,FY22,3yr ave (2019x2),FALSE
Arlington,Feb,5.881666666666667,18-20,2.5,3.381666666666667,FY22,3yr ave (2019x2),FALSE
Arlington,Jan,5.36,18-20,2.5,2.8600000000000003,FY22,3yr ave (2019x2),FALSE
Arlington,Jul,3.5475,18-20,2.5,1.0474999999999999,FY22,3yr ave (2019x2),FALSE
Arlington,Jun,3.970833333333333,18-20,2.5,1.4708333333333332,FY22,3yr ave (2019x2),FALSE
Arlington,Mar,6.793333333333333,18-20,2.5,4.293333333333333,FY22,3yr ave (2019x2),FALSE
Arlington,May,5.445833333333333,18-20,2.5,2.945833333333333,FY22,3yr ave (2019x2),FALSE
Arlington,Nov,6.504166666666666,18-20,2.5,4.004166666666666,FY22,3yr ave (2019x2),FALSE
Arlington,Oct,3.9525,18-20,2.5,1.4525000000000001,FY22,3yr ave (2019x2),FALSE
Arlington,Sep,3.3616666666666672,18-20,2.5,0.8616666666666672,FY22,3yr ave (2019x2),FALSE
Ashland,Apr,1.61,18-20,0.8,0.81,FY22,3yr ave (2019x2),FALSE
Ashland,Aug,1.0533333333333335,18-20,0.8,0.2533333333333334,FY22,3yr ave (2019x2),FALSE
Ashland,Dec,1.4341666666666666,18-20,0.8,0.6341666666666665,FY22,3yr ave (2019x2),FALSE
Ashland,Feb,1.4925,18-20,0.8,0.6924999999999999,FY22,3yr ave (2019x2),FALSE
Ashland,Jan,1.4625,18-20,0.8,0.6624999999999999,FY22,3yr ave (2019x2),FALSE
Ashland,Jul,1.0541666666666667,18-20,0.8,0.25416666666666665,FY22,3yr ave (2019x2),FALSE
Ashland,Jun,1.1308333333333334,18-20,0.8,0.3308333333333333,FY22,3yr ave (2019x2),FALSE
Ashland,Mar,1.5758333333333334,18-20,0.8,0.7758333333333334,FY22,3yr ave (2019x2),FALSE
Ashland,May,1.3708333333333333,18-20,0.8,0.5708333333333333,FY22,3yr ave (2019x2),FALSE
Ashland,Nov,1.45,18-20,0.8,0.6499999999999999,FY22,3yr ave (2019x2),FALSE
Ashland,Oct,1.115,18-20,0.8,0.31499999999999995,FY22,3yr ave (2019x2),FALSE
Ashland,Sep,1.0566666666666666,18-20,0.8,0.2566666666666666,FY22,3yr ave (2019x2),FALSE
Bedford,Apr,3.520833333333333,18-20,1.3,2.220833333333333,FY22,3yr ave (2019x2),FALSE
Bedford,Aug,1.9349999999999998,18-20,1.3,0.6349999999999998,FY22,3yr ave (2019x2),FALSE
Bedford,Dec,2.953333333333333,18-20,1.3,1.653333333333333,FY22,3yr ave (2019x2),FALSE
Bedford,Feb,2.964166666666667,18-20,1.3,1.6641666666666668,FY22,3yr ave (2019x2),FALSE
Bedford,Jan,2.776666666666667,18-20,1.3,1.4766666666666668,FY22,3yr ave (2019x2),FALSE
Bedford,Jul,2.1341666666666668,18-20,1.3,0.8341666666666667,FY22,3yr ave (2019x2),FALSE
Bedford,Jun,2.3391666666666664,18-20,1.3,1.0391666666666663,FY22,3yr ave (2019x2),FALSE
Bedford,Mar,3.3091666666666666,18-20,1.3,2.0091666666666663,FY22,3yr ave (2019x2),FALSE
Bedford,May,2.919166666666667,18-20,1.3,1.6191666666666669,FY22,3yr ave (2019x2),FALSE
Bedford,Nov,2.8208333333333333,18-20,1.3,1.5208333333333333,FY22,3yr ave (2019x2),FALSE
Bedford,Oct,1.915,18-20,1.3,0.615,FY22,3yr ave (2019x2),FALSE
Bedford,Sep,1.8625,18-20,1.3,0.5625,FY22,3yr ave (2019x2),FALSE
Belmont,Apr,4.585833333333333,18-20,1.4,3.1858333333333335,FY22,3yr ave (2019x2),FALSE
Belmont,Aug,2.1458333333333335,18-20,1.4,0.7458333333333336,FY22,3yr ave (2019x2),FALSE
Belmont,Dec,4.0183333333333335,18-20,1.4,2.6183333333333336,FY22,3yr ave (2019x2),FALSE
Belmont,Feb,3.7416666666666667,18-20,1.4,2.341666666666667,FY22,3yr ave (2019x2),FALSE
Belmont,Jan,3.3866666666666667,18-20,1.4,1.9866666666666668,FY22,3yr ave (2019x2),FALSE
Belmont,Jul,2.2916666666666665,18-20,1.4,0.8916666666666666,FY22,3yr ave (2019x2),FALSE
Belmont,Jun,2.42,18-20,1.4,1.02,FY22,3yr ave (2019x2),FALSE
Belmont,Mar,4.48,18-20,1.4,3.0800000000000005,FY22,3yr ave (2019x2),FALSE
Belmont,May,3.3,18-20,1.4,1.9,FY22,3yr ave (2019x2),FALSE
Belmont,Nov,4.190833333333333,18-20,1.4,2.790833333333333,FY22,3yr ave (2019x2),FALSE
Belmont,Oct,2.4966666666666666,18-20,1.4,1.0966666666666667,FY22,3yr ave (2019x2),FALSE
Belmont,Sep,2.0425,18-20,1.4,0.6425000000000001,FY22,3yr ave (2019x2),FALSE
Boston,Apr,115.2475,18-20,58.5,56.7475,FY22,3yr ave (2019x2),FALSE
Boston,Aug,83.78083333333333,18-20,58.5,25.280833333333334,FY22,3yr ave (2019x2),FALSE
Boston,Dec,102.45416666666667,18-20,58.5,43.954166666666666,FY22,3yr ave (2019x2),FALSE
Boston,Feb,95.22666666666666,18-20,58.5,36.72666666666666,FY22,3yr ave (2019x2),FALSE
Boston,Jan,102.31583333333333,18-20,58.5,43.81583333333333,FY22,3yr ave (2019x2),FALSE
Boston,Jul,91.43333333333334,18-20,58.5,32.93333333333334,FY22,3yr ave (2019x2),FALSE
Boston,Jun,86.88666666666667,18-20,58.5,28.38666666666667,FY22,3yr ave (2019x2),FALSE
Boston,Mar,106.64,18-20,58.5,48.14,FY22,3yr ave (2019x2),FALSE
Boston,May,94.455,18-20,58.5,35.955,FY22,3yr ave (2019x2),FALSE
Boston,Nov,110.7225,18-20,58.5,52.2225,FY22,3yr ave (2019x2),FALSE
Boston,Oct,88.16416666666666,18-20,58.5,29.66416666666666,FY22,3yr ave (2019x2),FALSE
Boston,Sep,82.89416666666666,18-20,58.5,24.394166666666663,FY22,3yr ave (2019x2),FALSE
Braintree,Apr,10.430833333333334,18-20,3.2,7.230833333333334,FY22,3yr ave (2019x2),FALSE
Braintree,Aug,4.635,18-20,3.2,1.4349999999999996,FY22,3yr ave (2019x2),FALSE
Braintree,Dec,10.195,18-20,3.2,6.995,FY22,3yr ave (2019x2),FALSE
Braintree,Feb,9.520833333333334,18-20,3.2,6.320833333333334,FY22,3yr ave (2019x2),FALSE
Braintree,Jan,9.684166666666666,18-20,3.2,6.484166666666666,FY22,3yr ave (2019x2),FALSE
Braintree,Jul,5.496666666666667,18-20,3.2,2.296666666666667,FY22,3yr ave (2019x2),FALSE
Braintree,Jun,6.2325,18-20,3.2,3.0324999999999998,FY22,3yr ave (2019x2),FALSE
Braintree,Mar,11.143333333333334,18-20,3.2,7.943333333333334,FY22,3yr ave (2019x2),FALSE
Braintree,May,8.2525,18-20,3.2,5.052499999999999,FY22,3yr ave (2019x2),FALSE
Braintree,Nov,10.100833333333334,18-20,3.2,6.900833333333334,FY22,3yr ave (2019x2),FALSE
Braintree,Oct,6.0249999999999995,18-20,3.2,2.8249999999999993,FY22,3yr ave (2019x2),FALSE
Braintree,Sep,5.0275,18-20,3.2,1.8274999999999997,FY22,3yr ave (2019x2),FALSE
Brookline,Apr,12.567499999999999,18-20,4.2,8.3675,FY22,3yr ave (2019x2),FALSE
Brookline,Aug,6.358333333333333,18-20,4.2,2.158333333333333,FY22,3yr ave (2019x2),FALSE
Brookline,Dec,10.3525,18-20,4.2,6.152499999999999,FY22,3yr ave (2019x2),FALSE
Brookline,Feb,10.0675,18-20,4.2,5.867500000000001,FY22,3yr ave (2019x2),FALSE
Brookline,Jan,10.028333333333334,18-20,4.2,5.828333333333334,FY22,3yr ave (2019x2),FALSE
Brookline,Jul,6.809166666666667,18-20,4.2,2.609166666666667,FY22,3yr ave (2019x2),FALSE
Brookline,Jun,6.9275,18-20,4.2,2.7275,FY22,3yr ave (2019x2),FALSE
Brookline,Mar,11.683333333333334,18-20,4.2,7.483333333333333,FY22,3yr ave (2019x2),FALSE
Brookline,May,9.065,18-20,4.2,4.864999999999999,FY22,3yr ave (2019x2),FALSE
Brookline,Nov,10.7225,18-20,4.2,6.5225,FY22,3yr ave (2019x2),FALSE
Brookline,Oct,6.7875000000000005,18-20,4.2,2.5875000000000004,FY22,3yr ave (2019x2),FALSE
Brookline,Sep,6.134166666666667,18-20,4.2,1.934166666666667,FY22,3yr ave (2019x2),FALSE
Burlington,Apr,5.0625,18-20,2,3.0625,FY22,3yr ave (2019x2),FALSE
Burlington,Aug,2.8075,18-20,2,0.8075000000000001,FY22,3yr ave (2019x2),FALSE
Burlington,Dec,4.404166666666667,18-20,2,2.404166666666667,FY22,3yr ave (2019x2),FALSE
Burlington,Feb,4.380833333333333,18-20,2,2.3808333333333334,FY22,3yr ave (2019x2),FALSE
Burlington,Jan,3.993333333333333,18-20,2,1.9933333333333332,FY22,3yr ave (2019x2),FALSE
Burlington,Jul,3.155,18-20,2,1.1549999999999998,FY22,3yr ave (2019x2),FALSE
Burlington,Jun,3.4175,18-20,2,1.4175,FY22,3yr ave (2019x2),FALSE
Burlington,Mar,4.849166666666667,18-20,2,2.849166666666667,FY22,3yr ave (2019x2),FALSE
Burlington,May,4.2475,18-20,2,2.2474999999999996,FY22,3yr ave (2019x2),FALSE
Burlington,Nov,4.1925,18-20,2,2.1925,FY22,3yr ave (2019x2),FALSE
Burlington,Oct,2.9383333333333335,18-20,2,0.9383333333333335,FY22,3yr ave (2019x2),FALSE
Burlington,Sep,2.7508333333333335,18-20,2,0.7508333333333335,FY22,3yr ave (2019x2),FALSE
Cambridge,Apr,20.686666666666667,18-20,11.5,9.186666666666667,FY22,3yr ave (2019x2),FALSE
Cambridge,Aug,19.135,18-20,11.5,7.635000000000002,FY22,3yr ave (2019x2),FALSE
Cambridge,Dec,20.26,18-20,11.5,8.760000000000002,FY22,3yr ave (2019x2),FALSE
Cambridge,Feb,17.781666666666666,18-20,11.5,6.281666666666666,FY22,3yr ave (2019x2),FALSE
Cambridge,Jan,17.675833333333333,18-20,11.5,6.175833333333333,FY22,3yr ave (2019x2),FALSE
Cambridge,Jul,19.764166666666668,18-20,11.5,8.264166666666668,FY22,3yr ave (2019x2),FALSE
Cambridge,Jun,18.364166666666666,18-20,11.5,6.864166666666666,FY22,3yr ave (2019x2),FALSE
Cambridge,Mar,18.96166666666667,18-20,11.5,7.4616666666666696,FY22,3yr ave (2019x2),FALSE
Cambridge,May,17.82,18-20,11.5,6.32,FY22,3yr ave (2019x2),FALSE
Cambridge,Nov,21.094166666666666,18-20,11.5,9.594166666666666,FY22,3yr ave (2019x2),FALSE
Cambridge,Oct,18.1025,18-20,11.5,6.602499999999999,FY22,3yr ave (2019x2),FALSE
Cambridge,Sep,17.631666666666668,18-20,11.5,6.131666666666668,FY22,3yr ave (2019x2),FALSE
Canton,Apr,3.9891666666666667,18-20,1.4,2.589166666666667,FY22,3yr ave (2019x2),FALSE
Canton,Aug,2.29,18-20,1.4,0.8900000000000001,FY22,3yr ave (2019x2),FALSE
Canton,Dec,3.63,18-20,1.4,2.23,FY22,3yr ave (2019x2),FALSE
Canton,Feb,3.569166666666667,18-20,1.4,2.169166666666667,FY22,3yr ave (2019x2),FALSE
Canton,Jan,3.7333333333333334,18-20,1.4,2.3333333333333335,FY22,3yr ave (2019x2),FALSE
Canton,Jul,2.3958333333333335,18-20,1.4,0.9958333333333336,FY22,3yr ave (2019x2),FALSE
Canton,Jun,2.7024999999999997,18-20,1.4,1.3024999999999998,FY22,3yr ave (2019x2),FALSE
Canton,Mar,4.246666666666667,18-20,1.4,2.846666666666667,FY22,3yr ave (2019x2),FALSE
Canton,May,3.3275,18-20,1.4,1.9275000000000002,FY22,3yr ave (2019x2),FALSE
Canton,Nov,3.6825,18-20,1.4,2.2825,FY22,3yr ave (2019x2),FALSE
Canton,Oct,2.6841666666666666,18-20,1.4,1.2841666666666667,FY22,3yr ave (2019x2),FALSE
Canton,Sep,2.46,18-20,1.4,1.06,FY22,3yr ave (2019x2),FALSE
Chelsea,Apr,6.736666666666666,18-20,3,3.7366666666666664,FY22,3yr ave (2019x2),FALSE
Chelsea,Aug,4.9875,18-20,3,1.9874999999999998,FY22,3yr ave (2019x2),FALSE
Chelsea,Dec,6.705,18-20,3,3.705,FY22,3yr ave (2019x2),FALSE
Chelsea,Feb,5.9350000000000005,18-20,3,2.9350000000000005,FY22,3yr ave (2019x2),FALSE
Chelsea,Jan,5.920833333333333,18-20,3,2.9208333333333334,FY22,3yr ave (2019x2),FALSE
Chelsea,Jul,5.265833333333333,18-20,3,2.265833333333333,FY22,3yr ave (2019x2),FALSE
Chelsea,Jun,5.234166666666667,18-20,3,2.234166666666667,FY22,3yr ave (2019x2),FALSE
Chelsea,Mar,6.885,18-20,3,3.885,FY22,3yr ave (2019x2),FALSE
Chelsea,May,5.255,18-20,3,2.255,FY22,3yr ave (2019x2),FALSE
Chelsea,Nov,6.950000000000001,18-20,3,3.950000000000001,FY22,3yr ave (2019x2),FALSE
Chelsea,Oct,5.5225,18-20,3,2.5225,FY22,3yr ave (2019x2),FALSE
Chelsea,Sep,4.825,18-20,3,1.8250000000000002,FY22,3yr ave (2019x2),FALSE
Dedham,Apr,5.6525,18-20,1.8,3.8525,FY22,3yr ave (2019x2),FALSE
Dedham,Aug,2.6541666666666663,18-20,1.8,0.8541666666666663,FY22,3yr ave (2019x2),FALSE
Dedham,Dec,4.946666666666666,18-20,1.8,3.1466666666666665,FY22,3yr ave (2019x2),FALSE
Dedham,Feb,4.84,18-20,1.8,3.04,FY22,3yr ave (2019x2),FALSE
Dedham,Jan,4.8425,18-20,1.8,3.0425000000000004,FY22,3yr ave (2019x2),FALSE
Dedham,Jul,2.765,18-20,1.8,0.9650000000000001,FY22,3yr ave (2019x2),FALSE
Dedham,Jun,3.1983333333333333,18-20,1.8,1.3983333333333332,FY22,3yr ave (2019x2),FALSE
Dedham,Mar,5.719166666666666,18-20,1.8,3.9191666666666665,FY22,3yr ave (2019x2),FALSE
Dedham,May,4.351666666666667,18-20,1.8,2.5516666666666667,FY22,3yr ave (2019x2),FALSE
Dedham,Nov,4.703333333333333,18-20,1.8,2.9033333333333333,FY22,3yr ave (2019x2),FALSE
Dedham,Oct,2.945,18-20,1.8,1.1449999999999998,FY22,3yr ave (2019x2),FALSE
Dedham,Sep,2.5233333333333334,18-20,1.8,0.7233333333333334,FY22,3yr ave (2019x2),FALSE
Everett,Apr,6.819166666666667,18-20,3.2,3.6191666666666666,FY22,3yr ave (2019x2),FALSE
Everett,Aug,5.755833333333333,18-20,3.2,2.555833333333333,FY22,3yr ave (2019x2),FALSE
Everett,Dec,6.573333333333333,18-20,3.2,3.373333333333333,FY22,3yr ave (2019x2),FALSE
Everett,Feb,6.7125,18-20,3.2,3.5125,FY22,3yr ave (2019x2),FALSE
Everett,Jan,6.654166666666667,18-20,3.2,3.4541666666666666,FY22,3yr ave (2019x2),FALSE
Everett,Jul,5.765,18-20,3.2,2.5649999999999995,FY22,3yr ave (2019x2),FALSE
Everett,Jun,5.368333333333333,18-20,3.2,2.168333333333333,FY22,3yr ave (2019x2),FALSE
Everett,Mar,7.0575,18-20,3.2,3.8575,FY22,3yr ave (2019x2),FALSE
Everett,May,6.033333333333333,18-20,3.2,2.833333333333333,FY22,3yr ave (2019x2),FALSE
Everett,Nov,6.735,18-20,3.2,3.535,FY22,3yr ave (2019x2),FALSE
Everett,Oct,5.6450000000000005,18-20,3.2,2.4450000000000003,FY22,3yr ave (2019x2),FALSE
Everett,Sep,5.473333333333334,18-20,3.2,2.2733333333333334,FY22,3yr ave (2019x2),FALSE
Framingham,Apr,9.414166666666667,18-20,4.8,4.614166666666667,FY22,3yr ave (2019x2),FALSE
Framingham,Aug,5.724166666666667,18-20,4.8,0.9241666666666672,FY22,3yr ave (2019x2),FALSE
Framingham,Dec,7.939166666666667,18-20,4.8,3.139166666666667,FY22,3yr ave (2019x2),FALSE
Framingham,Feb,8.39,18-20,4.8,3.5900000000000007,FY22,3yr ave (2019x2),FALSE
Framingham,Jan,7.914166666666667,18-20,4.8,3.1141666666666667,FY22,3yr ave (2019x2),FALSE
Framingham,Jul,5.971666666666667,18-20,4.8,1.1716666666666669,FY22,3yr ave (2019x2),FALSE
Framingham,Jun,6.120833333333333,18-20,4.8,1.3208333333333329,FY22,3yr ave (2019x2),FALSE
Framingham,Mar,9.0975,18-20,4.8,4.2975,FY22,3yr ave (2019x2),FALSE
Framingham,May,7.8575,18-20,4.8,3.0575,FY22,3yr ave (2019x2),FALSE
Framingham,Nov,7.866666666666667,18-20,4.8,3.0666666666666673,FY22,3yr ave (2019x2),FALSE
Framingham,Oct,6.054166666666666,18-20,4.8,1.2541666666666664,FY22,3yr ave (2019x2),FALSE
Framingham,Sep,5.8125,18-20,4.7,1.1124999999999998,FY22,3yr ave (2019x2),FALSE
Hingham,Apr,1.9758333333333333,18-20,0.5,1.4758333333333333,FY22,3yr ave (2019x2),FALSE
Hingham,Aug,0.83,18-20,0.5,0.32999999999999996,FY22,3yr ave (2019x2),FALSE
Hingham,Dec,1.9058333333333333,18-20,0.5,1.4058333333333333,FY22,3yr ave (2019x2),FALSE
Hingham,Feb,1.7883333333333333,18-20,0.5,1.2883333333333333,FY22,3yr ave (2019x2),FALSE
Hingham,Jan,1.7958333333333332,18-20,0.5,1.2958333333333332,FY22,3yr ave (2019x2),FALSE
Hingham,Jul,1.0458333333333334,18-20,0.5,0.5458333333333334,FY22,3yr ave (2019x2),FALSE
Hingham,Jun,1.1216666666666666,18-20,0.5,0.6216666666666666,FY22,3yr ave (2019x2),FALSE
Hingham,Mar,2.166666666666667,18-20,0.5,1.666666666666667,FY22,3yr ave (2019x2),FALSE
Hingham,May,1.5258333333333334,18-20,0.5,1.0258333333333334,FY22,3yr ave (2019x2),FALSE
Hingham,Nov,1.9083333333333332,18-20,0.5,1.4083333333333332,FY22,3yr ave (2019x2),FALSE
Hingham,Oct,1.085,18-20,0.5,0.585,FY22,3yr ave (2019x2),FALSE
Hingham,Sep,0.8366666666666667,18-20,0.5,0.33666666666666667,FY22,3yr ave (2019x2),FALSE
Holbrook,Apr,1.1749999999999998,18-20,0.5,0.6749999999999998,FY22,3yr ave (2019x2),FALSE
Holbrook,Aug,0.7041666666666667,18-20,0.5,0.20416666666666672,FY22,3yr ave (2019x2),FALSE
Holbrook,Dec,1.1224999999999998,18-20,0.5,0.6224999999999998,FY22,3yr ave (2019x2),FALSE
Holbrook,Feb,1.0683333333333334,18-20,0.5,0.5683333333333334,FY22,3yr ave (2019x2),FALSE
Holbrook,Jan,1.06,18-20,0.5,0.56,FY22,3yr ave (2019x2),FALSE
Holbrook,Jul,0.745,18-20,0.5,0.245,FY22,3yr ave (2019x2),FALSE
Holbrook,Jun,0.7983333333333333,18-20,0.5,0.29833333333333334,FY22,3yr ave (2019x2),FALSE
Holbrook,Mar,1.235,18-20,0.5,0.7350000000000001,FY22,3yr ave (2019x2),FALSE
Holbrook,May,0.985,18-20,0.5,0.485,FY22,3yr ave (2019x2),FALSE
Holbrook,Nov,1.0825,18-20,0.5,0.5825,FY22,3yr ave (2019x2),FALSE
Holbrook,Oct,0.7991666666666667,18-20,0.5,0.2991666666666667,FY22,3yr ave (2019x2),FALSE
Holbrook,Sep,0.685,18-20,0.5,0.18500000000000005,FY22,3yr ave (2019x2),FALSE
Lexington,Apr,8.005833333333333,18-20,2.2,5.805833333333333,FY22,3yr ave (2019x2),FALSE
Lexington,Aug,3.4283333333333332,18-20,2.2,1.228333333333333,FY22,3yr ave (2019x2),FALSE
Lexington,Dec,6.411666666666666,18-20,2.2,4.211666666666666,FY22,3yr ave (2019x2),FALSE
Lexington,Feb,6.390000000000001,18-20,2.2,4.19,FY22,3yr ave (2019x2),FALSE
Lexington,Jan,5.360833333333334,18-20,2.2,3.1608333333333336,FY22,3yr ave (2019x2),FALSE
Lexington,Jul,3.8649999999999998,18-20,2.2,1.6649999999999996,FY22,3yr ave (2019x2),FALSE
Lexington,Jun,4.075,18-20,2.2,1.875,FY22,3yr ave (2019x2),FALSE
Lexington,Mar,7.489166666666667,18-20,2.2,5.289166666666667,FY22,3yr ave (2019x2),FALSE
Lexington,May,6.425833333333333,18-20,2.2,4.225833333333333,FY22,3yr ave (2019x2),FALSE
Lexington,Nov,6.483333333333333,18-20,2.2,4.283333333333333,FY22,3yr ave (2019x2),FALSE
Lexington,Oct,3.9658333333333338,18-20,2.2,1.7658333333333336,FY22,3yr ave (2019x2),FALSE
Lexington,Sep,3.48,18-20,2.2,1.2799999999999998,FY22,3yr ave (2019x2),FALSE
Malden,Apr,10.6575,18-20,4.9,5.7575,FY22,3yr ave (2019x2),FALSE
Malden,Aug,7.383333333333334,18-20,4.9,2.4833333333333334,FY22,3yr ave (2019x2),FALSE
Malden,Dec,10.743333333333334,18-20,4.9,5.843333333333334,FY22,3yr ave (2019x2),FALSE
Malden,Feb,10.276666666666666,18-20,4.9,5.376666666666665,FY22,3yr ave (2019x2),FALSE
Malden,Jan,9.594166666666666,18-20,4.9,4.694166666666666,FY22,3yr ave (2019x2),FALSE
Malden,Jul,7.460833333333333,18-20,4.9,2.560833333333333,FY22,3yr ave (2019x2),FALSE
Malden,Jun,7.7375,18-20,4.9,2.8374999999999995,FY22,3yr ave (2019x2),FALSE
Malden,Mar,11.279166666666665,18-20,4.9,6.379166666666665,FY22,3yr ave (2019x2),FALSE
Malden,May,8.862499999999999,18-20,4.9,3.9624999999999986,FY22,3yr ave (2019x2),FALSE
Malden,Nov,10.886666666666667,18-20,4.9,5.986666666666666,FY22,3yr ave (2019x2),FALSE
Malden,Oct,7.335,18-20,4.9,2.4349999999999996,FY22,3yr ave (2019x2),FALSE
Malden,Sep,6.9425,18-20,4.9,2.0424999999999995,FY22,3yr ave (2019x2),FALSE
Medford,Apr,9.93,18-20,4.2,5.7299999999999995,FY22,3yr ave (2019x2),FALSE
Medford,Aug,6.36,18-20,4.2,2.16,FY22,3yr ave (2019x2),FALSE
Medford,Dec,9.590833333333332,18-20,4.2,5.390833333333332,FY22,3yr ave (2019x2),FALSE
Medford,Feb,8.305,18-20,4.2,4.1049999999999995,FY22,3yr ave (2019x2),FALSE
Medford,Jan,7.834166666666667,18-20,4.2,3.634166666666667,FY22,3yr ave (2019x2),FALSE
Medford,Jul,6.098333333333334,18-20,4.2,1.8983333333333334,FY22,3yr ave (2019x2),FALSE
Medford,Jun,6.119166666666667,18-20,4.2,1.9191666666666665,FY22,3yr ave (2019x2),FALSE
Medford,Mar,9.8175,18-20,4.2,5.617500000000001,FY22,3yr ave (2019x2),FALSE
Medford,May,7.731666666666667,18-20,4.2,3.531666666666667,FY22,3yr ave (2019x2),FALSE
Medford,Nov,9.970833333333333,18-20,4.2,5.770833333333333,FY22,3yr ave (2019x2),FALSE
Medford,Oct,6.5825000000000005,18-20,4.2,2.3825000000000003,FY22,3yr ave (2019x2),FALSE
Medford,Sep,6.138333333333333,18-20,4.2,1.9383333333333326,FY22,3yr ave (2019x2),FALSE
Melrose,Apr,5.990833333333334,18-20,1.8,4.190833333333334,FY22,3yr ave (2019x2),FALSE
Melrose,Aug,2.9725,18-20,1.8,1.1725,FY22,3yr ave (2019x2),FALSE
Melrose,Dec,6.323333333333333,18-20,1.8,4.523333333333333,FY22,3yr ave (2019x2),FALSE
Melrose,Feb,5.2825,18-20,1.8,3.4825,FY22,3yr ave (2019x2),FALSE
Melrose,Jan,4.9,18-20,1.8,3.1000000000000005,FY22,3yr ave (2019x2),FALSE
Melrose,Jul,3.1133333333333333,18-20,1.8,1.3133333333333332,FY22,3yr ave (2019x2),FALSE
Melrose,Jun,3.4366666666666665,18-20,1.8,1.6366666666666665,FY22,3yr ave (2019x2),FALSE
Melrose,Mar,5.931666666666667,18-20,1.8,4.131666666666667,FY22,3yr ave (2019x2),FALSE
Melrose,May,4.6425,18-20,1.8,2.8425000000000002,FY22,3yr ave (2019x2),FALSE
Melrose,Nov,6.0975,18-20,1.8,4.2975,FY22,3yr ave (2019x2),FALSE
Melrose,Oct,3.3541666666666665,18-20,1.8,1.5541666666666665,FY22,3yr ave (2019x2),FALSE
Melrose,Sep,2.87,18-20,1.8,1.07,FY22,3yr ave (2019x2),FALSE
Milton,Apr,5.13,18-20,1.4,3.73,FY22,3yr ave (2019x2),FALSE
Milton,Aug,1.9975,18-20,1.4,0.5975000000000001,FY22,3yr ave (2019x2),FALSE
Milton,Dec,4.664166666666667,18-20,1.4,3.2641666666666667,FY22,3yr ave (2019x2),FALSE
Milton,Feb,4.3925,18-20,1.4,2.9925,FY22,3yr ave (2019x2),FALSE
Milton,Jan,4.335,18-20,1.4,2.935,FY22,3yr ave (2019x2),FALSE
Milton,Jul,2.2575,18-20,1.4,0.8574999999999999,FY22,3yr ave (2019x2),FALSE
Milton,Jun,2.5683333333333334,18-20,1.4,1.1683333333333334,FY22,3yr ave (2019x2),FALSE
Milton,Mar,5.3116666666666665,18-20,1.4,3.9116666666666666,FY22,3yr ave (2019x2),FALSE
Milton,May,3.8825,18-20,1.4,2.4825,FY22,3yr ave (2019x2),FALSE
Milton,Nov,4.6975,18-20,1.4,3.2975,FY22,3yr ave (2019x2),FALSE
Milton,Oct,2.5166666666666666,18-20,1.4,1.1166666666666667,FY22,3yr ave (2019x2),FALSE
Milton,Sep,2.0375,18-20,1.4,0.6375000000000002,FY22,3yr ave (2019x2),FALSE
Natick,Apr,4.013333333333334,18-20,1.8,2.213333333333334,FY22,3yr ave (2019x2),FALSE
Natick,Aug,2.41,18-20,1.8,0.6100000000000001,FY22,3yr ave (2019x2),FALSE
Natick,Dec,3.5733333333333333,18-20,1.8,1.7733333333333332,FY22,3yr ave (2019x2),FALSE
Natick,Feb,3.4283333333333332,18-20,1.8,1.6283333333333332,FY22,3yr ave (2019x2),FALSE
Natick,Jan,3.245833333333333,18-20,1.8,1.445833333333333,FY22,3yr ave (2019x2),FALSE
Natick,Jul,2.4591666666666665,18-20,1.8,0.6591666666666665,FY22,3yr ave (2019x2),FALSE
Natick,Jun,2.5633333333333335,18-20,1.8,0.7633333333333334,FY22,3yr ave (2019x2),FALSE
Natick,Mar,3.848333333333333,18-20,1.8,2.048333333333333,FY22,3yr ave (2019x2),FALSE
Natick,May,3.2925,18-20,1.8,1.4925,FY22,3yr ave (2019x2),FALSE
Natick,Nov,3.395,18-20,1.8,1.595,FY22,3yr ave (2019x2),FALSE
Natick,Oct,2.4274999999999998,18-20,1.8,0.6274999999999997,FY22,3yr ave (2019x2),FALSE
Natick,Sep,2.29,18-20,1.8,0.49,FY22,3yr ave (2019x2),FALSE
Needham,Apr,5.4158333333333335,18-20,1.9,3.5158333333333336,FY22,3yr ave (2019x2),FALSE
Needham,Aug,2.8891666666666667,18-20,1.9,0.9891666666666667,FY22,3yr ave (2019x2),FALSE
Needham,Dec,4.788333333333333,18-20,1.9,2.888333333333333,FY22,3yr ave (2019x2),FALSE
Needham,Feb,4.453333333333334,18-20,1.9,2.553333333333334,FY22,3yr ave (2019x2),FALSE
Needham,Jan,4.408333333333333,18-20,1.9,2.5083333333333333,FY22,3yr ave (2019x2),FALSE
Needham,Jul,2.985,18-20,1.9,1.085,FY22,3yr ave (2019x2),FALSE
Needham,Jun,3.275,18-20,1.9,1.375,FY22,3yr ave (2019x2),FALSE
Needham,Mar,5.314166666666667,18-20,1.9,3.414166666666667,FY22,3yr ave (2019x2),FALSE
Needham,May,4.399166666666667,18-20,1.9,2.499166666666667,FY22,3yr ave (2019x2),FALSE
Needham,Nov,4.9275,18-20,1.9,3.0275000000000003,FY22,3yr ave (2019x2),FALSE
Needham,Oct,3.1933333333333334,18-20,1.9,1.2933333333333334,FY22,3yr ave (2019x2),FALSE
Needham,Sep,2.7683333333333335,18-20,1.9,0.8683333333333336,FY22,3yr ave (2019x2),FALSE
Newton,Apr,21.9475,18-20,7.8,14.1475,FY22,3yr ave (2019x2),FALSE
Newton,Aug,10.563333333333333,18-20,7.8,2.7633333333333328,FY22,3yr ave (2019x2),FALSE
Newton,Dec,19.021666666666665,18-20,7.8,11.221666666666664,FY22,3yr ave (2019x2),FALSE
Newton,Feb,17.572499999999998,18-20,7.8,9.772499999999997,FY22,3yr ave (2019x2),FALSE
Newton,Jan,16.7675,18-20,7.8,8.967499999999998,FY22,3yr ave (2019x2),FALSE
Newton,Jul,10.838333333333335,18-20,7.8,3.038333333333335,FY22,3yr ave (2019x2),FALSE
Newton,Jun,12.351666666666667,18-20,7.8,4.551666666666667,FY22,3yr ave (2019x2),FALSE
Newton,Mar,20.641666666666666,18-20,7.8,12.841666666666665,FY22,3yr ave (2019x2),FALSE
Newton,May,17.43583333333333,18-20,7.8,9.63583333333333,FY22,3yr ave (2019x2),FALSE
Newton,Nov,18.525833333333335,18-20,7.8,10.725833333333334,FY22,3yr ave (2019x2),FALSE
Newton,Oct,11.060833333333333,18-20,7.8,3.2608333333333333,FY22,3yr ave (2019x2),FALSE
Newton,Sep,9.703333333333333,18-20,7.8,1.9033333333333333,FY22,3yr ave (2019x2),FALSE
Norwood,Apr,8.343333333333334,18-20,2.4,5.943333333333333,FY22,3yr ave (2019x2),FALSE
Norwood,Aug,4.092499999999999,18-20,2.4,1.6924999999999994,FY22,3yr ave (2019x2),FALSE
Norwood,Dec,7.735,18-20,2.4,5.335000000000001,FY22,3yr ave (2019x2),FALSE
Norwood,Feb,7.273333333333333,18-20,2.4,4.873333333333333,FY22,3yr ave (2019x2),FALSE
Norwood,Jan,7.5475,18-20,2.4,5.147500000000001,FY22,3yr ave (2019x2),FALSE
Norwood,Jul,4.5424999999999995,18-20,2.4,2.1424999999999996,FY22,3yr ave (2019x2),FALSE
Norwood,Jun,5.269166666666667,18-20,2.4,2.869166666666667,FY22,3yr ave (2019x2),FALSE
Norwood,Mar,8.875,18-20,2.4,6.475,FY22,3yr ave (2019x2),FALSE
Norwood,May,6.5166666666666675,18-20,2.4,4.116666666666667,FY22,3yr ave (2019x2),FALSE
Norwood,Nov,7.909166666666667,18-20,2.4,5.509166666666667,FY22,3yr ave (2019x2),FALSE
Norwood,Oct,5.189166666666667,18-20,2.4,2.789166666666667,FY22,3yr ave (2019x2),FALSE
Norwood,Sep,4.594166666666666,18-20,2.4,2.1941666666666664,FY22,3yr ave (2019x2),FALSE
Quincy,Apr,17.169999999999998,18-20,8.2,8.969999999999999,FY22,3yr ave (2019x2),FALSE
Quincy,Aug,10.960833333333333,18-20,8.2,2.760833333333334,FY22,3yr ave (2019x2),FALSE
Quincy,Dec,15.809166666666666,18-20,8.2,7.609166666666667,FY22,3yr ave (2019x2),FALSE
Quincy,Feb,15.256666666666666,18-20,8.2,7.056666666666667,FY22,3yr ave (2019x2),FALSE
Quincy,Jan,15.280833333333334,18-20,8.2,7.080833333333334,FY22,3yr ave (2019x2),FALSE
Quincy,Jul,12.1175,18-20,8.2,3.9175000000000004,FY22,3yr ave (2019x2),FALSE
Quincy,Jun,12.408333333333333,18-20,8.2,4.208333333333334,FY22,3yr ave (2019x2),FALSE
Quincy,Mar,18.2025,18-20,8.2,10.002500000000001,FY22,3yr ave (2019x2),FALSE
Quincy,May,14.745000000000001,18-20,8.2,6.545000000000002,FY22,3yr ave (2019x2),FALSE
Quincy,Nov,16.3225,18-20,8.2,8.122500000000002,FY22,3yr ave (2019x2),FALSE
Quincy,Oct,11.900833333333333,18-20,8.2,3.7008333333333336,FY22,3yr ave (2019x2),FALSE
Quincy,Sep,10.76,18-20,8.2,2.5600000000000005,FY22,3yr ave (2019x2),FALSE
Randolph,Apr,5.016666666666667,18-20,1.9,3.1166666666666667,FY22,3yr ave (2019x2),FALSE
Randolph,Aug,2.4133333333333336,18-20,1.9,0.5133333333333336,FY22,3yr ave (2019x2),FALSE
Randolph,Dec,4.748333333333333,18-20,1.9,2.848333333333333,FY22,3yr ave (2019x2),FALSE
Randolph,Feb,4.523333333333333,18-20,1.9,2.6233333333333335,FY22,3yr ave (2019x2),FALSE
Randolph,Jan,4.616666666666666,18-20,1.9,2.7166666666666663,FY22,3yr ave (2019x2),FALSE
Randolph,Jul,2.72,18-20,1.9,0.8200000000000003,FY22,3yr ave (2019x2),FALSE
Randolph,Jun,3.2583333333333333,18-20,1.9,1.3583333333333334,FY22,3yr ave (2019x2),FALSE
Randolph,Mar,5.651666666666666,18-20,1.9,3.7516666666666665,FY22,3yr ave (2019x2),FALSE
Randolph,May,4.1425,18-20,1.9,2.2425,FY22,3yr ave (2019x2),FALSE
Randolph,Nov,4.5616666666666665,18-20,1.9,2.6616666666666666,FY22,3yr ave (2019x2),FALSE
Randolph,Oct,3.049166666666667,18-20,1.9,1.149166666666667,FY22,3yr ave (2019x2),FALSE
Randolph,Sep,2.543333333333333,18-20,1.9,0.6433333333333331,FY22,3yr ave (2019x2),FALSE
Reading,Apr,4.714166666666666,18-20,1.3,3.4141666666666666,FY22,3yr ave (2019x2),FALSE
Reading,Aug,1.9641666666666666,18-20,1.3,0.6641666666666666,FY22,3yr ave (2019x2),FALSE
Reading,Dec,3.745833333333333,18-20,1.3,2.445833333333333,FY22,3yr ave (2019x2),FALSE
Reading,Feb,3.8125,18-20,1.3,2.5125,FY22,3yr ave (2019x2),FALSE
Reading,Jan,3.499166666666667,18-20,1.3,2.1991666666666667,FY22,3yr ave (2019x2),FALSE
Reading,Jul,1.9975000000000003,18-20,1.3,0.6975000000000002,FY22,3yr ave (2019x2),FALSE
Reading,Jun,2.704166666666667,18-20,1.3,1.404166666666667,FY22,3yr ave (2019x2),FALSE
Reading,Mar,4.645833333333333,18-20,1.3,3.345833333333333,FY22,3yr ave (2019x2),FALSE
Reading,May,3.8225,18-20,1.3,2.5225,FY22,3yr ave (2019x2),FALSE
Reading,Nov,3.6966666666666668,18-20,1.3,2.3966666666666665,FY22,3yr ave (2019x2),FALSE
Reading,Oct,2.2800000000000002,18-20,1.3,0.9800000000000002,FY22,3yr ave (2019x2),FALSE
Reading,Sep,2.0091666666666668,18-20,1.3,0.7091666666666667,FY22,3yr ave (2019x2),FALSE
Revere,Apr,7.737500000000001,18-20,3.5,4.237500000000001,FY22,3yr ave (2019x2),FALSE
Revere,Aug,5.652500000000001,18-20,3.5,2.1525000000000007,FY22,3yr ave (2019x2),FALSE
Revere,Dec,7.875,18-20,3.5,4.375,FY22,3yr ave (2019x2),FALSE
Revere,Feb,7.371666666666667,18-20,3.5,3.871666666666667,FY22,3yr ave (2019x2),FALSE
Revere,Jan,7.104166666666667,18-20,3.5,3.604166666666667,FY22,3yr ave (2019x2),FALSE
Revere,Jul,5.838333333333334,18-20,3.5,2.338333333333334,FY22,3yr ave (2019x2),FALSE
Revere,Jun,5.665833333333334,18-20,3.5,2.1658333333333344,FY22,3yr ave (2019x2),FALSE
Revere,Mar,8.02,18-20,3.5,4.52,FY22,3yr ave (2019x2),FALSE
Revere,May,6.614166666666667,18-20,3.5,3.1141666666666667,FY22,3yr ave (2019x2),FALSE
Revere,Nov,8.31,18-20,3.5,4.8100000000000005,FY22,3yr ave (2019x2),FALSE
Revere,Oct,6.375833333333334,18-20,3.5,2.8758333333333344,FY22,3yr ave (2019x2),FALSE
Revere,Sep,5.45,18-20,3.5,1.9500000000000002,FY22,3yr ave (2019x2),FALSE
Somerville,Apr,12.997499999999999,18-20,5.5,7.497499999999999,FY22,3yr ave (2019x2),FALSE
Somerville,Aug,9.4675,18-20,5.5,3.9674999999999994,FY22,3yr ave (2019x2),FALSE
Somerville,Dec,11.133333333333333,18-20,5.5,5.633333333333333,FY22,3yr ave (2019x2),FALSE
Somerville,Feb,11.029166666666667,18-20,5.5,5.529166666666667,FY22,3yr ave (2019x2),FALSE
Somerville,Jan,10.665833333333333,18-20,5.5,5.1658333333333335,FY22,3yr ave (2019x2),FALSE
Somerville,Jul,9.488333333333333,18-20,5.5,3.9883333333333333,FY22,3yr ave (2019x2),FALSE
Somerville,Jun,8.2525,18-20,5.5,2.7524999999999995,FY22,3yr ave (2019x2),FALSE
Somerville,Mar,12.200000000000001,18-20,5.5,6.700000000000001,FY22,3yr ave (2019x2),FALSE
Somerville,May,9.137500000000001,18-20,5.5,3.637500000000001,FY22,3yr ave (2019x2),FALSE
Somerville,Nov,11.806666666666667,18-20,5.5,6.306666666666667,FY22,3yr ave (2019x2),FALSE
Somerville,Oct,10.480833333333333,18-20,5.5,4.980833333333333,FY22,3yr ave (2019x2),FALSE
Somerville,Sep,8.5325,18-20,5.5,3.0325000000000006,FY22,3yr ave (2019x2),FALSE
Stoneham,Apr,4.4174999999999995,18-20,1.4,3.0174999999999996,FY22,3yr ave (2019x2),FALSE
Stoneham,Aug,2.5633333333333335,18-20,1.4,1.1633333333333336,FY22,3yr ave (2019x2),FALSE
Stoneham,Dec,4.854166666666667,18-20,1.4,3.454166666666667,FY22,3yr ave (2019x2),FALSE
Stoneham,Feb,3.589166666666667,18-20,1.4,2.189166666666667,FY22,3yr ave (2019x2),FALSE
Stoneham,Jan,3.3933333333333335,18-20,1.4,1.9933333333333336,FY22,3yr ave (2019x2),FALSE
Stoneham,Jul,2.5933333333333333,18-20,1.4,1.1933333333333334,FY22,3yr ave (2019x2),FALSE
Stoneham,Jun,2.5366666666666666,18-20,1.4,1.1366666666666667,FY22,3yr ave (2019x2),FALSE
Stoneham,Mar,4.333333333333333,18-20,1.4,2.933333333333333,FY22,3yr ave (2019x2),FALSE
Stoneham,May,3.3175,18-20,1.4,1.9175,FY22,3yr ave (2019x2),FALSE
Stoneham,Nov,4.706666666666667,18-20,1.4,3.306666666666667,FY22,3yr ave (2019x2),FALSE
Stoneham,Oct,2.6591666666666667,18-20,1.4,1.2591666666666668,FY22,3yr ave (2019x2),FALSE
Stoneham,Sep,2.4925,18-20,1.4,1.0925000000000002,FY22,3yr ave (2019x2),FALSE
Stoughton,Apr,4.596666666666667,18-20,1.4,3.1966666666666668,FY22,3yr ave (2019x2),FALSE
Stoughton,Aug,1.8808333333333334,18-20,1.4,0.48083333333333345,FY22,3yr ave (2019x2),FALSE
Stoughton,Dec,4.0633333333333335,18-20,1.4,2.6633333333333336,FY22,3yr ave (2019x2),FALSE
Stoughton,Feb,3.914166666666667,18-20,1.4,2.514166666666667,FY22,3yr ave (2019x2),FALSE
Stoughton,Jan,3.940833333333333,18-20,1.4,2.540833333333333,FY22,3yr ave (2019x2),FALSE
Stoughton,Jul,2.2108333333333334,18-20,1.4,0.8108333333333335,FY22,3yr ave (2019x2),FALSE
Stoughton,Jun,2.7183333333333333,18-20,1.4,1.3183333333333334,FY22,3yr ave (2019x2),FALSE
Stoughton,Mar,4.7075,18-20,1.4,3.3074999999999997,FY22,3yr ave (2019x2),FALSE
Stoughton,May,3.7158333333333333,18-20,1.4,2.3158333333333334,FY22,3yr ave (2019x2),FALSE
Stoughton,Nov,3.8325,18-20,1.4,2.4325,FY22,3yr ave (2019x2),FALSE
Stoughton,Oct,2.565,18-20,1.4,1.165,FY22,3yr ave (2019x2),FALSE
Stoughton,Sep,2.064166666666667,18-20,1.4,0.664166666666667,FY22,3yr ave (2019x2),FALSE
Wakefield,Apr,6.495,18-20,1.5,4.995,FY22,3yr ave (2019x2),FALSE
Wakefield,Aug,3.1575,18-20,1.5,1.6575000000000002,FY22,3yr ave (2019x2),FALSE
Wakefield,Dec,5.753333333333334,18-20,1.5,4.253333333333334,FY22,3yr ave (2019x2),FALSE
Wakefield,Feb,5.4158333333333335,18-20,1.5,3.9158333333333335,FY22,3yr ave (2019x2),FALSE
Wakefield,Jan,4.805833333333334,18-20,1.5,3.305833333333334,FY22,3yr ave (2019x2),FALSE
Wakefield,Jul,3.2858333333333336,18-20,1.5,1.7858333333333336,FY22,3yr ave (2019x2),FALSE
Wakefield,Jun,3.7075000000000005,18-20,1.5,2.2075000000000005,FY22,3yr ave (2019x2),FALSE
Wakefield,Mar,6.3775,18-20,1.5,4.8775,FY22,3yr ave (2019x2),FALSE
Wakefield,May,5.198333333333334,18-20,1.5,3.698333333333334,FY22,3yr ave (2019x2),FALSE
Wakefield,Nov,5.725833333333334,18-20,1.5,4.225833333333334,FY22,3yr ave (2019x2),FALSE
Wakefield,Oct,3.3058333333333336,18-20,1.5,1.8058333333333336,FY22,3yr ave (2019x2),FALSE
Wakefield,Sep,2.9716666666666667,18-20,1.5,1.4716666666666667,FY22,3yr ave (2019x2),FALSE
Walpole,Apr,2.878333333333333,18-20,1.2,1.678333333333333,FY22,3yr ave (2019x2),FALSE
Walpole,Aug,2.02,18-20,1.2,0.8200000000000001,FY22,3yr ave (2019x2),FALSE
Walpole,Dec,2.555,18-20,1.2,1.3550000000000002,FY22,3yr ave (2019x2),FALSE
Walpole,Feb,2.505,18-20,1.2,1.305,FY22,3yr ave (2019x2),FALSE
Walpole,Jan,2.5541666666666663,18-20,1.2,1.3541666666666663,FY22,3yr ave (2019x2),FALSE
Walpole,Jul,1.6966666666666668,18-20,1.2,0.4966666666666668,FY22,3yr ave (2019x2),FALSE
Walpole,Jun,1.8866666666666667,18-20,1.2,0.6866666666666668,FY22,3yr ave (2019x2),FALSE
Walpole,Mar,2.8808333333333334,18-20,1.2,1.6808333333333334,FY22,3yr ave (2019x2),FALSE
Walpole,May,2.5208333333333335,18-20,1.2,1.3208333333333335,FY22,3yr ave (2019x2),FALSE
Walpole,Nov,2.643333333333333,18-20,1.2,1.4433333333333331,FY22,3yr ave (2019x2),FALSE
Walpole,Oct,1.9366666666666665,18-20,1.2,0.7366666666666666,FY22,3yr ave (2019x2),FALSE
Walpole,Sep,1.74,18-20,1.2,0.54,FY22,3yr ave (2019x2),FALSE
Waltham,Apr,12.354166666666666,18-20,5.6,6.754166666666666,FY22,3yr ave (2019x2),FALSE
Waltham,Aug,7.4075,18-20,5.6,1.8075,FY22,3yr ave (2019x2),FALSE
Waltham,Dec,10.699166666666667,18-20,5.6,5.099166666666667,FY22,3yr ave (2019x2),FALSE
Waltham,Feb,10.535,18-20,5.6,4.9350000000000005,FY22,3yr ave (2019x2),FALSE
Waltham,Jan,9.989166666666668,18-20,5.6,4.389166666666668,FY22,3yr ave (2019x2),FALSE
Waltham,Jul,7.7491666666666665,18-20,5.6,2.149166666666667,FY22,3yr ave (2019x2),FALSE
Waltham,Jun,8.281666666666666,18-20,5.6,2.6816666666666666,FY22,3yr ave (2019x2),FALSE
Waltham,Mar,11.910833333333333,18-20,5.6,6.310833333333333,FY22,3yr ave (2019x2),FALSE
Waltham,May,10.260833333333332,18-20,5.6,4.660833333333333,FY22,3yr ave (2019x2),FALSE
Waltham,Nov,10.5575,18-20,5.6,4.9575,FY22,3yr ave (2019x2),FALSE
Waltham,Oct,7.928333333333334,18-20,5.6,2.328333333333334,FY22,3yr ave (2019x2),FALSE
Waltham,Sep,7.617500000000001,18-20,5.6,2.017500000000001,FY22,3yr ave (2019x2),FALSE
Watertown,Apr,4.7725,18-20,2.2,2.5725,FY22,3yr ave (2019x2),FALSE
Watertown,Aug,2.7808333333333333,18-20,2.2,0.5808333333333331,FY22,3yr ave (2019x2),FALSE
Watertown,Dec,4.34,18-20,2.2,2.1399999999999997,FY22,3yr ave (2019x2),FALSE
Watertown,Feb,4.1866666666666665,18-20,2.2,1.9866666666666664,FY22,3yr ave (2019x2),FALSE
Watertown,Jan,3.9675000000000002,18-20,2.2,1.7675,FY22,3yr ave (2019x2),FALSE
Watertown,Jul,2.7675,18-20,2.2,0.5674999999999999,FY22,3yr ave (2019x2),FALSE
Watertown,Jun,2.975833333333333,18-20,2.2,0.7758333333333329,FY22,3yr ave (2019x2),FALSE
Watertown,Mar,4.7575,18-20,2.2,2.5575,FY22,3yr ave (2019x2),FALSE
Watertown,May,3.83,18-20,2.2,1.63,FY22,3yr ave (2019x2),FALSE
Watertown,Nov,4.4191666666666665,18-20,2.2,2.2191666666666663,FY22,3yr ave (2019x2),FALSE
Watertown,Oct,2.9425,18-20,2.2,0.7424999999999997,FY22,3yr ave (2019x2),FALSE
Watertown,Sep,2.723333333333333,18-20,2.2,0.523333333333333,FY22,3yr ave (2019x2),FALSE
Wellesley,Apr,5.158333333333333,18-20,1.7,3.458333333333333,FY22,3yr ave (2019x2),FALSE
Wellesley,Aug,2.5275,18-20,1.7,0.8274999999999999,FY22,3yr ave (2019x2),FALSE
Wellesley,Dec,4.486666666666666,18-20,1.7,2.786666666666666,FY22,3yr ave (2019x2),FALSE
Wellesley,Feb,4.01,18-20,1.7,2.3099999999999996,FY22,3yr ave (2019x2),FALSE
Wellesley,Jan,3.836666666666667,18-20,1.7,2.1366666666666667,FY22,3yr ave (2019x2),FALSE
Wellesley,Jul,2.5033333333333334,18-20,1.7,0.8033333333333335,FY22,3yr ave (2019x2),FALSE
Wellesley,Jun,2.775,18-20,1.7,1.075,FY22,3yr ave (2019x2),FALSE
Wellesley,Mar,4.795,18-20,1.7,3.0949999999999998,FY22,3yr ave (2019x2),FALSE
Wellesley,May,3.9208333333333334,18-20,1.7,2.220833333333333,FY22,3yr ave (2019x2),FALSE
Wellesley,Nov,4.395,18-20,1.7,2.6949999999999994,FY22,3yr ave (2019x2),FALSE
Wellesley,Oct,2.8225000000000002,18-20,1.7,1.1225000000000003,FY22,3yr ave (2019x2),FALSE
Wellesley,Sep,2.493333333333333,18-20,1.7,0.7933333333333332,FY22,3yr ave (2019x2),FALSE
Westwood,Apr,2.4891666666666667,18-20,0.9,1.5891666666666668,FY22,3yr ave (2019x2),FALSE
Westwood,Aug,1.3041666666666667,18-20,0.9,0.4041666666666667,FY22,3yr ave (2019x2),FALSE
Westwood,Dec,2.188333333333333,18-20,0.9,1.288333333333333,FY22,3yr ave (2019x2),FALSE
Westwood,Feb,2.2391666666666667,18-20,0.9,1.3391666666666668,FY22,3yr ave (2019x2),FALSE
Westwood,Jan,2.160833333333333,18-20,0.9,1.2608333333333333,FY22,3yr ave (2019x2),FALSE
Westwood,Jul,1.3058333333333332,18-20,0.9,0.40583333333333316,FY22,3yr ave (2019x2),FALSE
Westwood,Jun,1.5574999999999999,18-20,0.9,0.6574999999999999,FY22,3yr ave (2019x2),FALSE
Westwood,Mar,2.4891666666666667,18-20,0.9,1.5891666666666668,FY22,3yr ave (2019x2),FALSE
Westwood,May,1.9908333333333332,18-20,0.9,1.0908333333333333,FY22,3yr ave (2019x2),FALSE
Westwood,Nov,2.265,18-20,0.9,1.3650000000000002,FY22,3yr ave (2019x2),FALSE
Westwood,Oct,1.4708333333333334,18-20,0.9,0.5708333333333334,FY22,3yr ave (2019x2),FALSE
Westwood,Sep,1.2966666666666666,18-20,0.9,0.3966666666666666,FY22,3yr ave (2019x2),FALSE
Weymouth,Apr,11.885833333333334,18-20,3.7,8.185833333333335,FY22,3yr ave (2019x2),FALSE
Weymouth,Aug,5.756666666666666,18-20,3.7,2.0566666666666658,FY22,3yr ave (2019x2),FALSE
Weymouth,Dec,11.6525,18-20,3.7,7.9525,FY22,3yr ave (2019x2),FALSE
Weymouth,Feb,10.880833333333333,18-20,3.7,7.180833333333333,FY22,3yr ave (2019x2),FALSE
Weymouth,Jan,11.359166666666667,18-20,3.7,7.659166666666667,FY22,3yr ave (2019x2),FALSE
Weymouth,Jul,6.719166666666667,18-20,3.7,3.019166666666667,FY22,3yr ave (2019x2),FALSE
Weymouth,Jun,7.458333333333333,18-20,3.7,3.758333333333333,FY22,3yr ave (2019x2),FALSE
Weymouth,Mar,12.7425,18-20,3.7,9.0425,FY22,3yr ave (2019x2),FALSE
Weymouth,May,9.643333333333333,18-20,3.7,5.9433333333333325,FY22,3yr ave (2019x2),FALSE
Weymouth,Nov,11.63,18-20,3.7,7.930000000000001,FY22,3yr ave (2019x2),FALSE
Weymouth,Oct,7.5425,18-20,3.7,3.8425000000000002,FY22,3yr ave (2019x2),FALSE
Weymouth,Sep,6.073333333333333,18-20,3.7,2.373333333333333,FY22,3yr ave (2019x2),FALSE
Wilmington,Apr,1.845,18-20,0.8,1.045,FY22,3yr ave (2019x2),FALSE
Wilmington,Aug,1.4116666666666666,18-20,0.8,0.6116666666666666,FY22,3yr ave (2019x2),FALSE
Wilmington,Dec,1.6108333333333333,18-20,0.8,0.8108333333333333,FY22,3yr ave (2019x2),FALSE
Wilmington,Feb,1.5633333333333335,18-20,0.8,0.7633333333333334,FY22,3yr ave (2019x2),FALSE
Wilmington,Jan,1.4791666666666665,18-20,0.8,0.6791666666666665,FY22,3yr ave (2019x2),FALSE
Wilmington,Jul,1.3675,18-20,0.8,0.5674999999999999,FY22,3yr ave (2019x2),FALSE
Wilmington,Jun,1.4883333333333333,18-20,0.8,0.6883333333333332,FY22,3yr ave (2019x2),FALSE
Wilmington,Mar,1.7,18-20,0.8,0.8999999999999999,FY22,3yr ave (2019x2),FALSE
Wilmington,May,1.6016666666666666,18-20,0.8,0.8016666666666665,FY22,3yr ave (2019x2),FALSE
Wilmington,Nov,1.6875,18-20,0.8,0.8875,FY22,3yr ave (2019x2),FALSE
Wilmington,Oct,1.4575,18-20,0.8,0.6575,FY22,3yr ave (2019x2),FALSE
Wilmington,Sep,1.4358333333333333,18-20,0.8,0.6358333333333333,FY22,3yr ave (2019x2),FALSE
Winchester,Apr,3.665,18-20,1.1,2.565,FY22,3yr ave (2019x2),FALSE
Winchester,Aug,1.5691666666666668,18-20,1.1,0.46916666666666673,FY22,3yr ave (2019x2),FALSE
Winchester,Dec,3.0383333333333336,18-20,1.1,1.9383333333333335,FY22,3yr ave (2019x2),FALSE
Winchester,Feb,3.0575,18-20,1.1,1.9575,FY22,3yr ave (2019x2),FALSE
Winchester,Jan,2.705,18-20,1.1,1.605,FY22,3yr ave (2019x2),FALSE
Winchester,Jul,1.7683333333333333,18-20,1.1,0.6683333333333332,FY22,3yr ave (2019x2),FALSE
Winchester,Jun,2.0308333333333333,18-20,1.1,0.9308333333333332,FY22,3yr ave (2019x2),FALSE
Winchester,Mar,3.520833333333333,18-20,1.1,2.420833333333333,FY22,3yr ave (2019x2),FALSE
Winchester,May,2.8566666666666665,18-20,1.1,1.7566666666666664,FY22,3yr ave (2019x2),FALSE
Winchester,Nov,3.041666666666667,18-20,1.1,1.9416666666666669,FY22,3yr ave (2019x2),FALSE
Winchester,Oct,1.7275,18-20,1.1,0.6275,FY22,3yr ave (2019x2),FALSE
Winchester,Sep,1.5916666666666666,18-20,1.1,0.4916666666666665,FY22,3yr ave (2019x2),FALSE
Winthrop,Apr,2.501666666666667,18-20,1.1,1.4016666666666668,FY22,3yr ave (2019x2),FALSE
Winthrop,Aug,2.0483333333333333,18-20,1.1,0.9483333333333333,FY22,3yr ave (2019x2),FALSE
Winthrop,Dec,2.545,18-20,1.1,1.4449999999999998,FY22,3yr ave (2019x2),FALSE
Winthrop,Feb,2.3241666666666667,18-20,1.1,1.2241666666666666,FY22,3yr ave (2019x2),FALSE
Winthrop,Jan,2.368333333333333,18-20,1.1,1.268333333333333,FY22,3yr ave (2019x2),FALSE
Winthrop,Jul,2.2241666666666666,18-20,1.1,1.1241666666666665,FY22,3yr ave (2019x2),FALSE
Winthrop,Jun,2.1516666666666664,18-20,1.1,1.0516666666666663,FY22,3yr ave (2019x2),FALSE
Winthrop,Mar,2.6166666666666667,18-20,1.1,1.5166666666666666,FY22,3yr ave (2019x2),FALSE
Winthrop,May,2.3241666666666667,18-20,1.1,1.2241666666666666,FY22,3yr ave (2019x2),FALSE
Winthrop,Nov,2.8966666666666665,18-20,1.1,1.7966666666666664,FY22,3yr ave (2019x2),FALSE
Winthrop,Oct,2.3000000000000003,18-20,1.1,1.2000000000000002,FY22,3yr ave (2019x2),FALSE
Winthrop,Sep,1.9875,18-20,1.1,0.8875,FY22,3yr ave (2019x2),FALSE
Woburn,Apr,8.204166666666667,18-20,3.7,4.504166666666667,FY22,3yr ave (2019x2),FALSE
Woburn,Aug,5.493333333333333,18-20,3.7,1.793333333333333,FY22,3yr ave (2019x2),FALSE
Woburn,Dec,7.024166666666667,18-20,3.7,3.3241666666666667,FY22,3yr ave (2019x2),FALSE
Woburn,Feb,7.208333333333333,18-20,3.7,3.508333333333333,FY22,3yr ave (2019x2),FALSE
Woburn,Jan,6.701666666666667,18-20,3.7,3.001666666666667,FY22,3yr ave (2019x2),FALSE
Woburn,Jul,6.288333333333333,18-20,3.7,2.588333333333333,FY22,3yr ave (2019x2),FALSE
Woburn,Jun,6.626666666666667,18-20,3.7,2.9266666666666667,FY22,3yr ave (2019x2),FALSE
Woburn,Mar,7.6775,18-20,3.7,3.9775,FY22,3yr ave (2019x2),FALSE
Woburn,May,8.153333333333334,18-20,3.7,4.453333333333334,FY22,3yr ave (2019x2),FALSE
Woburn,Nov,6.4275,18-20,3.7,2.7275,FY22,3yr ave (2019x2),FALSE
Woburn,Oct,5.444999999999999,18-20,3.7,1.7449999999999992,FY22,3yr ave (2019x2),FALSE
Woburn,Sep,5.1175,18-20,3.7,1.4174999999999995,FY22,3yr ave (2019x2),FALSE
